列車番号,,573H,441K,443K,575H,545K,541K,543K,677H,551K,503K,501K,691F,647K,120M,653K,605F,657K,122M,609K,641F,659K,639K,749F,220M,683K,637K,755K,681F,124M,4761K,789K,747K,787F,126M,4763K,711K,857K,751F,222M,4865K,785K,839K,224M,4867F,855K,813K,226M,4869K,807F,843K,228M,4971K,817F,957K,845K,128M,963K,901F,939K,953K,130M,965K,983F,905K,132M,1085K,937F,230M,1071K,134M,1055K,919F,1063K,232M,1043K,1081F,1065K,234M,1145K,1069F,1185K,1139K,1087F,136M,1155K,1105K,1149F,236M,1143K,1271K,1107F,1245K,238M,1263K,1211F,1239K,1265K,1201F,240M,1205K,1385K,1283F,1371K,242M,1355K,1341F,1363K,1343K,1351F,244M,1365K,1445K,1381F,1485K,246M,1439K,1467F,1455K,1405K,1417F,248M,1443K,1571K,1487F,1545K,250M,1563K,1549F,1539K,1565K,1519F,252M,1505K,1685K,1537F,1671K,254M,1655K,1683F,1663K,256M,1643K,1669F,1665K,258M,1745K,1611F,1601K,260M,1785K,1781F,1751K,262M,1761K,1707F,1743K,1767K,264M,1871K,1717F,1741K,266M,1845K,1739F,1885K,1887K,1865K,268M,1805F,1861K,138M,1901K,1819F,1971K,140M,1951K,1863F,1937K,270M,1943K,1949F,2065K,1983K,272M,1957F,2001K,2087K,274M,2011F,2051K,2045K,276M,2085K,2055F,2043K,278M,2171K,2069F,2183K,280M,2137K,2107F,2187K,282M,2165K,2117F,2185K,284M,2201K,2141F,2271K,2245K,2219K,142M,2237K,2243K,2239K,2365K,144M,2263K,2319K,2249K,2355K,2357K,2307K,2401K,2419K,,,,,,,,,,,,,,,,,,,,,,,,,,,,,,,,2820Y,2520Y,2822Y,2522Y,2824Y,2524Y,2826Y,2526Y,4520Y,1091M,2828Y,2528Y,4820Y,1083M,4522Y,2530Y,2830Y,4524Y,4822Y,2532Y,2832Y,4526Y,4824Y,2534Y,2834Y,4528Y,4826Y,2536Y,2836Y,4530Y,4828Y,2538Y,2838Y,4532Y,4830Y,2540Y,2840Y,4534Y,4832Y,2542Y,2842Y,4536Y,4834Y,2544Y,2844Y,2546Y,2846Y,2548Y,2848Y,2550Y,2850Y,2852Y,2552Y,2854Y,2554Y,2856Y,2858Y,2556Y,2860Y,2558Y,2862Y,2560Y,2864Y,2562Y,2868Y,2870Y,,,,,,,,,,,,,573F,565F,521F,553F,691F,513F,657F,462S,511F,408S,409F,542S,543F,576S,577F,532S,533F,791F,568S,569F,630S,631F,781F,628S,622S,623F,626S,773F,658S,659F,766S,767F,648S,649F,843F,746S,747F,855F,718S,719F,734S,735F,853F,792S,793F,762S,763F,884S,885F,981F,850S,851F,816S,817F,844S,845F,860S,861F,904S,905F,856H,906S,907F,924S,925F,952H,914S,915F,920S,921F,940S,910S,911F,956H,1137F,1078S,1079F,1181F,1052H,1088S,1089F,1008S,1167F,1004H,1072S,1073F,1219F,1026S,1027F,1152H,1142S,1143F,1168S,1169F,1104H,1190S,1191F,1345F,1146S,1147F,1292S,1293F,1252H,1258S,1259F,1204H,1204S,1205F,1419F,1250S,1251F,1324S,1325F,1352H,1352S,1353F,1304H,1362S,1363F,1545F,1314S,1315F,1436S,1437F,1452H,1585F,1460S,1461F,1404H,1406S,1407F,1619F,1466S,1467F,1542S,1543F,1552H,1510S,1511F,1504H,1675F,1580S,1581F,1721F,1568S,1569F,1664S,1665F,1612S,1613F,1741F,1648S,1649F,1604H,1626S,1627F,1692S,1693F,1833F,2545M,1682S,1683F,1772S,1773F,1831F,1756S,1757F,2385M,1704H,1746S,1747F,1724S,1725F,1758S,1907F,1949F,1836S,1837F,1890S,1891F,1886S,1844S,1845F,1822S,1823F,2075F,1884S,1885F,1916S,1917F,1904S,1905F,1976S,1977F,1966S,1967F,1942S,1943F,1952S,1953F,1962S,1963F,2078S,2079F,2014S,2015F,2008S,2193F,2102S,2103F,2064S,2065F,2050S,2051F,2146S,2147F,2118S,2119F,2182S,2183F,2172S,2173F,2186S,2187F,2381F,2220S,2221F,2232S,2351F,2248S,2249F,2356S,2326S
種別,,普通,普通,普通,普通,普通,普通,普通,普通,普通,普通,普通,快速,普通,普通,普通,快速,普通,普通,普通,快速,普通,普通,快速,普通,普通,普通,普通,快速,普通,普通,普通,普通,快速,普通,普通,普通,普通,快速,普通,普通,普通,普通,普通,快速,普通,普通,普通,普通,快速,普通,普通,普通,快速,普通,普通,普通,普通,快速,普通,普通,普通,普通,快速,普通,普通,普通,快速,普通,普通,普通,普通,快速,普通,普通,普通,快速,普通,普通,普通,快速,普通,普通,快速,普通,普通,普通,快速,普通,普通,普通,快速,普通,普通,普通,快速,普通,普通,快速,普通,普通,普通,快速,普通,普通,普通,快速,普通,普通,快速,普通,普通,普通,快速,普通,普通,普通,快速,普通,普通,快速,普通,普通,普通,快速,普通,普通,普通,快速,普通,普通,快速,普通,普通,普通,快速,普通,普通,普通,快速,普通,普通,普通,快速,普通,普通,普通,快速,普通,普通,普通,快速,普通,普通,普通,快速,普通,普通,普通,普通,快速,普通,普通,普通,快速,普通,普通,普通,普通,快速,普通,普通,普通,快速,普通,普通,普通,快速,普通,普通,普通,快速,普通,普通,普通,快速,普通,普通,普通,快速,普通,普通,普通,普通,快速,普通,普通,普通,快速,普通,普通,普通,快速,普通,普通,普通,快速,普通,普通,普通,快速,普通,普通,普通,普通,普通,普通,普通,普通,普通,普通,普通,普通,普通,普通,普通,普通,普通,,,,,,,,,,,,,,,,,,,,,,,,,,,,,,,,快速,普通,快速,普通,快速,普通,快速,普通,快速,特急,快速,普通,特別快速,特急,快速,普通,快速,快速,特別快速,普通,快速,快速,特別快速,普通,快速,快速,特別快速,普通,快速,快速,特別快速,普通,快速,快速,特別快速,普通,快速,快速,特別快速,普通,快速,快速,特別快速,普通,快速,普通,快速,普通,快速,普通,快速,快速,普通,快速,普通,快速,快速,普通,快速,普通,快速,普通,快速,普通,快速,快速,,,,,,,,,,,,,快速,快速,快速,快速,快速,快速,快速,普通,快速,普通,快速,普通,快速,普通,快速,普通,快速,快速,普通,快速,普通,快速,快速,普通,普通,快速,普通,快速,普通,快速,普通,快速,普通,快速,快速,普通,快速,快速,普通,快速,普通,快速,快速,普通,快速,普通,快速,普通,快速,快速,普通,快速,普通,快速,普通,快速,普通,快速,普通,快速,普通,普通,快速,普通,快速,普通,普通,快速,普通,快速,普通,普通,快速,普通,快速,普通,快速,快速,普通,普通,快速,普通,快速,普通,普通,快速,快速,普通,快速,普通,普通,快速,普通,快速,普通,普通,快速,快速,普通,快速,普通,快速,普通,普通,快速,普通,普通,快速,快速,普通,快速,普通,快速,普通,普通,快速,普通,普通,快速,快速,普通,快速,普通,快速,普通,快速,普通,快速,普通,普通,快速,快速,普通,快速,普通,快速,普通,普通,快速,普通,快速,普通,快速,快速,普通,快速,普通,快速,普通,快速,快速,普通,快速,普通,普通,快速,普通,快速,快速,普通,普通,快速,普通,快速,快速,普通,快速,普通,普通,普通,快速,普通,快速,普通,快速,快速,普通,快速,普通,快速,普通,普通,快速,普通,快速,快速,普通,快速,普通,快速,普通,快速,普通,快速,普通,快速,普通,快速,普通,快速,普通,快速,普通,快速,普通,快速,普通,快速,普通,快速,普通,快速,普通,快速,普通,快速,普通,快速,普通,快速,普通,快速,普通,快速,快速,普通,快速,普通,快速,普通,快速,普通,普通
列車名,,,,,,,,,,,,,,,,,,,,,,,,,,,,,,,,,,,,,,,,,,,,,,,,,,,,,,,,,,,,,,,,,,,,,,,,,,,,,,,,,,,,,,,,,,,,,,,,,,,,,,,,,,,,,,,,,,,,,,,,,,,,,,,,,,,,,,,,,,,,,,,,,,,,,,,,,,,,,,,,,,,,,,,,,,,,,,,,,,,,,,,,,,,,,,,,,,,,,,,,,,,,,,,,,,,,,,,,,,,,,,,,,,,,,,,,,,,,,,,,,,,,,,,,,,,,,,,,,,,,,,,,,,,,,,,,,,,,,,,,,,,,,,,,,,,,,,,,,,,,,,,,,,,,,,,,,,,,,,,,,,,,,,,,,,,,,,,,,,,,,,,,,,,,,,,,,,,,,,,,,,,,,,,,,,,,,,,,,,,,,,,,,,,,,,,,,,,,,,,,,,,,,,,,,,,,,,,,,,,,,,,,,,,,,,,,,,,,,,,,,,,,,,,,,,,,,,,,,,,,,,,,,,,,,,,,,,,,,,,,,,,,,,,,,,,,,,,,,,,,,,,,,,,,,,,,,,,,,,,,,,,,,,,,,,,,,,,,,,,,,,,,,,,,,,,,,,,,,,,,,,,,,,,,,,
始発駅,,南古谷,池袋,池袋,南古谷,池袋,池袋,池袋,南古谷,池袋,池袋,新宿,新宿,新宿,海老名,新宿,新宿,新宿,海老名,新宿,新宿,大崎,大崎,新宿,海老名,大崎,大崎,新宿,大崎,海老名,新宿,大崎,新宿,大崎,海老名,新宿,大崎,新宿,大崎,海老名,新宿,大崎,新宿,海老名,新宿,新宿,大崎,海老名,新宿,大崎,大崎,海老名,新宿,大崎,新宿,大崎,海老名,新宿,大崎,新宿,大崎,海老名,新宿,大崎,大崎,海老名,新宿,大崎,海老名,新宿,海老名,新宿,大崎,新宿,海老名,新宿,大崎,新宿,海老名,新宿,大崎,新宿,新宿,大崎,海老名,新宿,新宿,大崎,海老名,新宿,新宿,大崎,新宿,海老名,新宿,大崎,新宿,新宿,大崎,海老名,新宿,新宿,大崎,新宿,海老名,新宿,大崎,新宿,新宿,大崎,海老名,新宿,新宿,大崎,新宿,海老名,新宿,大崎,新宿,新宿,大崎,海老名,新宿,新宿,大崎,新宿,海老名,新宿,大崎,新宿,新宿,大崎,海老名,新宿,新宿,大崎,新宿,海老名,新宿,大崎,新宿,海老名,新宿,大崎,新宿,海老名,新宿,大崎,大崎,海老名,新宿,大崎,大崎,海老名,新宿,大崎,新宿,大崎,海老名,新宿,大崎,大崎,海老名,新宿,大崎,新宿,大崎,新宿,海老名,大崎,新宿,海老名,新宿,大崎,新宿,海老名,新宿,大崎,大崎,海老名,新宿,大崎,新宿,大崎,海老名,大崎,新宿,新宿,海老名,大崎,新宿,大崎,海老名,新宿,大崎,新宿,海老名,新宿,大崎,新宿,海老名,新宿,大崎,新宿,海老名,新宿,大崎,新宿,海老名,新宿,大崎,新宿,新宿,大崎,海老名,新宿,新宿,大崎,新宿,海老名,大崎,新宿,大崎,新宿,大崎,新宿,新宿,池袋,,,,,,,,,,,,,,,,,,,,,,,,,,,,,,,,国府津,大船,国府津,逗子,小田原,大船,小田原,大船,大船,新宿,小田原,大船,平塚,新宿,逗子,逗子,国府津,逗子,小田原,逗子,国府津,逗子,小田原,逗子,平塚,逗子,小田原,逗子,平塚,逗子,小田原,逗子,平塚,逗子,小田原,逗子,平塚,逗子,小田原,逗子,国府津,逗子,小田原,逗子,平塚,逗子,小田原,逗子,平塚,逗子,小田原,国府津,逗子,平塚,逗子,小田原,国府津,逗子,小田原,逗子,平塚,逗子,平塚,逗子,国府津,国府津,,,,,,,,,,,,,津田沼,東京,東京,津田沼,津田沼,東京,津田沼,久里浜,東京,久里浜,東京,久里浜,東京,久里浜,東京,久里浜,東京,東京,久里浜,東京,横須賀,東京,東京,久里浜,逗子,東京,久里浜,東京,久里浜,東京,逗子,東京,久里浜,東京,東京,久里浜,東京,東京,久里浜,東京,逗子,東京,東京,久里浜,東京,久里浜,東京,逗子,東京,東京,久里浜,東京,逗子,東京,久里浜,東京,久里浜,東京,逗子,東京,久里浜,逗子,東京,逗子,東京,久里浜,大船,東京,逗子,東京,大船,久里浜,東京,久里浜,東京,逗子,東京,東京,久里浜,逗子,東京,逗子,東京,久里浜,逗子,東京,東京,久里浜,東京,久里浜,逗子,東京,逗子,東京,久里浜,逗子,東京,東京,久里浜,東京,逗子,東京,久里浜,逗子,東京,久里浜,逗子,東京,東京,久里浜,東京,逗子,東京,久里浜,逗子,東京,久里浜,逗子,東京,東京,久里浜,東京,逗子,東京,久里浜,東京,逗子,東京,久里浜,逗子,東京,東京,久里浜,東京,逗子,東京,久里浜,逗子,東京,久里浜,東京,逗子,東京,東京,久里浜,東京,逗子,東京,久里浜,東京,東京,大船,東京,久里浜,逗子,東京,横須賀,東京,東京,鹿島神宮,久里浜,東京,久里浜,東京,東京,大船,東京,成東,久里浜,逗子,東京,横須賀,東京,久里浜,東京,東京,逗子,東京,久里浜,東京,大船,久里浜,東京,逗子,東京,東京,久里浜,東京,逗子,東京,久里浜,東京,久里浜,東京,久里浜,東京,横須賀,東京,久里浜,東京,久里浜,東京,大船,東京,久里浜,東京,久里浜,東京,大船,東京,久里浜,東京,久里浜,東京,逗子,東京,久里浜,東京,久里浜,東京,横須賀,東京,久里浜,東京,東京,久里浜,東京,逗子,東京,久里浜,東京,逗子,久里浜
終着駅,,八王子,赤羽,赤羽,高麗川,川越,大宮,川越,八王子,大宮,川越,大宮,川越,大宮,新宿,武蔵浦和,川越,大宮,新宿,武蔵浦和,川越,大宮,武蔵浦和,川越,新宿,大宮,大宮,武蔵浦和,川越,新宿,大宮,大宮,武蔵浦和,川越,新宿,大宮,大宮,武蔵浦和,川越,新宿,大宮,大宮,武蔵浦和,新宿,川越,大宮,池袋,新宿,武蔵浦和,川越,大宮,新宿,武蔵浦和,川越,池袋,大宮,新宿,武蔵浦和,川越,大宮,池袋,新宿,武蔵浦和,川越,大宮,新宿,武蔵浦和,川越,新宿,大宮,新宿,武蔵浦和,川越,大宮,新宿,武蔵浦和,川越,大宮,新宿,武蔵浦和,川越,大宮,武蔵浦和,川越,新宿,大宮,武蔵浦和,川越,新宿,大宮,武蔵浦和,川越,大宮,新宿,武蔵浦和,川越,大宮,武蔵浦和,川越,新宿,大宮,武蔵浦和,川越,大宮,新宿,武蔵浦和,川越,大宮,武蔵浦和,川越,新宿,大宮,武蔵浦和,川越,大宮,新宿,武蔵浦和,川越,大宮,武蔵浦和,川越,新宿,大宮,武蔵浦和,川越,大宮,新宿,武蔵浦和,川越,大宮,武蔵浦和,川越,新宿,大宮,武蔵浦和,川越,大宮,新宿,武蔵浦和,川越,大宮,新宿,武蔵浦和,川越,大宮,新宿,武蔵浦和,川越,大宮,新宿,武蔵浦和,川越,大宮,新宿,武蔵浦和,川越,大宮,川越,新宿,武蔵浦和,川越,大宮,新宿,武蔵浦和,川越,大宮,大宮,武蔵浦和,新宿,川越,川越,新宿,武蔵浦和,川越,大宮,新宿,武蔵浦和,川越,大宮,新宿,武蔵浦和,川越,大宮,武蔵浦和,新宿,川越,大宮,武蔵浦和,新宿,川越,大宮,大宮,新宿,武蔵浦和,川越,大宮,新宿,武蔵浦和,川越,大宮,新宿,武蔵浦和,川越,大宮,新宿,武蔵浦和,川越,大宮,新宿,大宮,川越,大宮,川越,赤羽,新宿,大宮,赤羽,川越,川越,新宿,大宮,赤羽,川越,大宮,川越,赤羽,大宮,赤羽,,,,,,,,,,,,,,,,,,,,,,,,,,,,,,,,高崎,宇都宮,籠原,宇都宮,籠原,小金井,高崎,小金井,宇都宮,東武日光,籠原,宇都宮,高崎,鬼怒川温泉,宇都宮,小金井,籠原,宇都宮,高崎,宇都宮,籠原,宇都宮,高崎,宇都宮,籠原,宇都宮,高崎,宇都宮,籠原,宇都宮,高崎,宇都宮,籠原,宇都宮,高崎,小金井,籠原,宇都宮,高崎,古河,籠原,宇都宮,高崎,宇都宮,籠原,小金井,高崎,小金井,籠原,宇都宮,籠原,高崎,小金井,籠原,宇都宮,籠原,前橋,小金井,高崎,小金井,高崎,小金井,籠原,小金井,籠原,籠原,,,,,,,,,,,,,上総一ノ宮,成田空港,君津,成田空港,千葉,佐倉,千葉,東京,千葉,東京,成田空港,東京,千葉,東京,君津,東京,津田沼,成田空港,東京,君津,東京,津田沼,千葉,東京,東京,千葉,東京,千葉,東京,君津,東京,成田空港,東京,千葉,千葉,東京,千葉,津田沼,東京,上総一ノ宮,東京,津田沼,君津,東京,千葉,東京,成田空港,東京,津田沼,千葉,東京,千葉,東京,津田沼,東京,上総一ノ宮,東京,君津,東京,千葉,逗子,東京,成田空港,東京,千葉,逗子,東京,千葉,東京,千葉,東京,東京,君津,逗子,千葉,東京,津田沼,成田空港,逗子,東京,千葉,東京,千葉,逗子,東京,君津,千葉,東京,成田空港,逗子,東京,千葉,東京,千葉,逗子,東京,君津,千葉,東京,成田空港,東京,千葉,逗子,東京,千葉,逗子,東京,君津,千葉,東京,成田空港,東京,千葉,逗子,東京,上総一ノ宮,逗子,東京,君津,千葉,東京,成田空港,東京,千葉,逗子,千葉,東京,上総一ノ宮,逗子,東京,君津,成田空港,東京,千葉,東京,千葉,逗子,東京,成田空港,逗子,君津,東京,上総一ノ宮,成田空港,東京,津田沼,東京,千葉,東京,千葉,君津,東京,千葉,逗子,東京,成田空港,東京,上総一ノ宮,成田空港,鹿島神宮,東京,千葉,東京,千葉,君津,東京,成田空港,成東,逗子,東京,津田沼,東京,上総一ノ宮,東京,成田空港,千葉,東京,成田,東京,君津,東京,東京,千葉,東京,上総一ノ宮,千葉,東京,君津,東京,成田空港,東京,君津,東京,佐倉,東京,千葉,東京,佐倉,東京,上総一ノ宮,東京,成田空港,東京,君津,東京,成田,東京,千葉,東京,佐倉,東京,成田空港,東京,千葉,東京,千葉,東京,千葉,東京,佐倉,東京,千葉,東京,千葉,千葉,東京,千葉,大船,津田沼,東京,千葉,品川,品川
羽沢横浜国大,発,,,,,,,,,,,,,,547,,,,605,,,,,,636,,,,,653,,,,,712,,,,,730,,,,751,,,,809,,,,823,,,,,841,,,,,902,,,,921,,,938,,948,,,,1006,,,,1027,,,,,,1057,,,,1117,,,,,1147,,,,,,1217,,,,,1247,,,,,,1317,,,,,1347,,,,,,1417,,,,,1447,,,,,,1517,,,,,1547,,,,1604,,,,1626,,,,1647,,,,1707,,,,,1730,,,,1747,,,,,,1810,,,1827,,,,1848,,,,1908,,,,,1929,,,,1955,,,,2008,,,,2027,,,,2047,,,,2106,,,,2125,,,,,,2202,,,,,2233,,,,,,,,,,,,,,,,,,,,,,,,,,,,,,,,,,,,,,,,,,,,,,,,,,,,,,,,,,,,,,,,,,,,,,,,,,,,,,,,,,,,,,,,,,,,,,,,,,,,,,,,,,,,,,,,,,,,,,,,,,,,,,,,,,,,,,,,,,,,,,,,,,,,,,,,,,,,,,,,,,,,,,,,,,,,,,,,,,,,,,,,,,,,,,,,,,,,,,,,,,,,,,,,,,,,,,,,,,,,,,,,,,,,,,,,,,,,,,,,,,,,,,,,,,,,,,,,,,,,,,,,,,,,,,,,,,,,,,,,,,,,,,,,,,,,,,,,,,,,,,,,,,,,,,,,,,,,,,,,,,,,,,,,,,,,,,,,,,,,,,,,,,,,,,
武蔵小杉,着,,,,,,,,,,,,,,601,,,,619,,,,,,650,,,,,707,,,,,726,,,,,744,,,,805,,,,823,,,,837,,,,,855,,,,,916,,,,935,,,952,,1002,,,,1020,,,,1041,,,,,,1111,,,,1131,,,,,1201,,,,,,1231,,,,,1301,,,,,,1331,,,,,1401,,,,,,1431,,,,,1501,,,,,,1531,,,,,1601,,,,1618,,,,1640,,,,1701,,,,1721,,,,,1744,,,,1801,,,,,,1824,,,1841,,,,1902,,,,1922,,,,,1943,,,,2009,,,,2022,,,,2041,,,,2101,,,,2120,,,,2139,,,,,,2216,,,,,2247,,,,,,,,,,,,,,,,,,,,,,,,,,,,,,,,,,,,,,,,636,659,715,741,803,816,826,846,,,915,930,952,,,1022,1029,,1059,1114,1126,,1159,1214,1228,,1259,1314,1326,,1358,1414,1426,,1459,1514,1526,,1559,1614,1626,,1659,1713,1729,1746,1759,1812,1827,1844,1852,1901,1914,1929,1945,2000,2015,2028,2045,2058,2119,2138,2201,2218,2237,2310,,,,,,,,,,,,,,,,,,,,533,,550,,614,,629,,644,,,656,,703,,,712,724,,735,,744,,751,,800,,,811,,,824,,832,,,842,,851,,854,,,912,,921,,927,,933,,944,,,949,,958,,,1005,,1016,,1026,1034,,,,1053,,,,1105,,1120,,,1135,,,1153,,,1205,,1221,,,1235,,,1253,,1305,,,1321,,,1335,,,1353,,1405,,,1421,,,1435,,,1453,,1505,,,,1522,,,1535,,,1552,,1605,,,1617,,,,1632,,,1648,,1655,,1706,,,1720,,,1726,,1734,,,,1751,,1804,,,1818,,,,1823,,1832,,1848,,,1858,,1908,,1921,1926,,1935,,,1948,,1955,,2006,,2020,,2031,,2038,,2049,,2104,,2109,,2116,,2125,,2132,,2145,,2154,,2207,,2222,,2235,,2244,,2256,,,2318,,,,2341,,2356,16
武蔵小杉,発,,,,,,,,,,,,,,603,,,,620,,,,,,654,,,,,711,,,,,731,,,,,749,,,,809,,,,823,,,,841,,,,,859,,,,,920,,,,937,,,956,,1004,,,,1021,,,,1042,,,,,,1111,,,,1133,,,,,1203,,,,,,1233,,,,,1303,,,,,,1333,,,,,1403,,,,,,1433,,,,,1503,,,,,,1533,,,,,1603,,,,1622,,,,1643,,,,1704,,,,1724,,,,,1744,,,,1803,,,,,,1827,,,1843,,,,1905,,,,1925,,,,,1944,,,,2010,,,,2025,,,,2042,,,,2103,,,,2123,,,,2142,,,,,,2216,,,,,2248,,,,,,,,,,,,,,,,,,,,,,,,,,,,,,,,,,,,,,,,637,700,716,742,804,817,828,847,902,,916,931,953,,1012,1024,1030,1046,1100,1115,1127,1146,1200,1215,1230,1246,1300,1315,1327,1345,1359,1415,1427,1445,1500,1515,1527,1545,1600,1615,1627,1646,1700,1715,1730,1747,1800,1813,1830,1846,1855,1902,1915,1930,1946,2002,2016,2029,2047,2100,2120,2139,2203,2219,2238,2311,,,,,,,,,,,,,,,,,,,,534,,551,,615,,630,,645,,,657,,705,,,714,725,,736,,746,,752,,801,,,812,,,825,,833,,,843,,852,,855,,,913,,922,,928,,934,,945,,,950,,959,,,1006,,1017,,1027,1035,,,,1054,,,,1106,,1121,,,1136,,,1155,,,1206,,1222,,,1236,,,1255,,1306,,,1322,,,1336,,,1355,,1406,,,1422,,,1436,,,1455,,1507,,,,1523,,,1536,,,1553,,1606,,,1619,,,,1633,,,1649,,1656,,1707,,,1721,,,1727,,1735,,,,1752,,1806,,,1820,,,,1824,,1834,,1849,,,1859,,1910,,1922,1927,,1936,,,1949,,1957,,2007,,2021,,2032,,2039,,2050,,2105,,2110,,2117,,2126,,2134,,2146,,2155,,2209,,2223,,2236,,2245,,2257,,,2319,,,,2343,,2357,17
西大井,着,,,,,,,,,,,,,,608,,,,625,,,,,,659,,,,,716,,,,,736,,,,,754,,,,814,,,,828,,,,846,,,,,904,,,,,925,,,,942,,,1001,,1009,,,,1026,,,,1047,,,,,,1116,,,,1138,,,,,1208,,,,,,1238,,,,,1308,,,,,,1338,,,,,1408,,,,,,1438,,,,,1508,,,,,,1538,,,,,1608,,,,1627,,,,1648,,,,1709,,,,1729,,,,,1749,,,,1808,,,,,,1832,,,1848,,,,1910,,,,1930,,,,,1949,,,,2015,,,,2030,,,,2047,,,,2108,,,,2128,,,,2147,,,,,,2221,,,,,2253,,,,,,,,,,,,,,,,,,,,,,,,,,,,,,,,,,,,,,,,,705,,747,,822,,852,,,,936,,,,1029,,,,1120,,,,1220,,,,1320,,,,1420,,,,1520,,,,1620,,,,1720,,1752,,1818,,1851,,,1920,,1951,,,2034,,2105,,2144,,2224,,,,,,,,,,,,,,,,,,,,,,539,,556,,620,,635,,650,,,702,,710,,,719,730,,741,,751,,757,,806,,,817,,,830,,838,,,848,,857,,900,,,918,,927,,933,,939,,950,,,955,,1004,,,1011,,1022,,1032,1040,,,,1059,,,,1111,,1126,,,1141,,,1200,,,1211,,1227,,,1241,,,1300,,1311,,,1327,,,1341,,,1400,,1411,,,1427,,,1441,,,1500,,1512,,,,1528,,,1541,,,1558,,1611,,,1624,,,,1638,,,1654,,1701,,1712,,,1726,,,1732,,1740,,,,1757,,1811,,,1825,,,,1829,,1839,,1854,,,1904,,1915,,1927,1932,,1941,,,1954,,2002,,2012,,2026,,2037,,2044,,2055,,2110,,2115,,2122,,2131,,2139,,2151,,2200,,2214,,2228,,2241,,2250,,2302,,,2324,,,,2348,,2,22
西大井,発,,,,,,,,,,,,,,609,,,,625,,,,,,659,,,,,716,,,,,737,,,,,754,,,,814,,,,829,,,,847,,,,,905,,,,,925,,,,942,,,1001,,1009,,,,1026,,,,1048,,,,,,1117,,,,1139,,,,,1208,,,,,,1239,,,,,1309,,,,,,1338,,,,,1409,,,,,,1439,,,,,1509,,,,,,1539,,,,,1609,,,,1628,,,,1648,,,,1710,,,,1729,,,,,1750,,,,1809,,,,,,1832,,,1849,,,,1911,,,,1930,,,,,1949,,,,2015,,,,2031,,,,2048,,,,2108,,,,2129,,,,2147,,,,,,2222,,,,,2253,,,,,,,,,,,,,,,,,,,,,,,,,,,,,,,,,,,,,,,,レ642,706,レ721,748,レ809,822,レ833,853,レ907,,レ921,936,レ958,,レ1017,1029,レ1035,レ1051,レ1105,1121,レ1132,レ1151,レ1205,1221,レ1235,レ1251,レ1305,1321,レ1332,レ1350,レ1404,1421,レ1432,レ1450,レ1505,1521,レ1532,レ1550,レ1605,1621,レ1632,レ1651,レ1705,1720,レ1735,1753,レ1805,1819,レ1835,1852,レ1900,レ1907,1920,レ1935,1952,レ2007,レ2021,2035,レ2052,2105,レ2125,2144,レ2208,2225,レ2243,レ2316,,,,,,,,,,,,,,,,,,,,539,,556,,620,,636,,650,,,703,,710,,,719,730,,741,,751,,757,,806,,,817,,,831,,838,,,849,,857,,901,,,919,,927,,933,,939,,951,,,955,,1004,,,1012,,1023,,1032,1041,,,,1100,,,,1111,,1127,,,1141,,,1200,,,1211,,1228,,,1241,,,1300,,1311,,,1328,,,1341,,,1400,,1411,,,1428,,,1441,,,1500,,1512,,,,1528,,,1541,,,1559,,1611,,,1624,,,,1639,,,1654,,1701,,1712,,,1726,,,1733,,1741,,,,1757,,1811,,,1825,,,,1829,,1839,,1854,,,1905,,1915,,1927,1933,,1942,,,1954,,2002,,2012,,2026,,2037,,2045,,2055,,2110,,2115,,2123,,2132,,2139,,2151,,2201,,2214,,2228,,2241,,2250,,2302,,,2324,,,,2348,,2,22
大崎,着,,,,,,,,,,,,,,612,,,,630,,,,652,,703,705,711,,719,720,,728,,735,740,,749,,758,758,,805,,818,,,830,833,,840,847,850,,856,,904,909,,919,,927,929,,938,944,946,,955,1005,,1013,,1016,,1030,,1041,,1052,,1103,,,1116,1120,,,1140,1143,,,1159,,1212,,1219,,,1241,1244,,,1300,,1312,,1320,,,1340,1343,,,1400,,1412,,1420,,,1440,1443,,,1459,,1512,,1520,,,1540,1543,,,1600,,1612,,1621,,1632,,1639,,1652,,1658,1706,1713,,1719,1726,1733,,1737,,1745,1753,,1801,1807,1813,,1819,,1826,,1836,1842,,1852,,1859,,1914,,1918,1922,1934,,1941,,1949,1953,1959,,,2019,2021,,2030,2034,,2038,,2051,,2101,,2112,,2121,,2133,,2140,,2151,,2200,,,2221,2225,,,2241,,2257,2256,,2314,,2334,,,,,,,,,,,,,,,,,,,,,,,,,,,,,,,,,,,645,709,724,751,812,825,836,856,910,,924,939,1001,,1020,1032,1038,1054,1108,1124,1135,1154,1208,1224,1238,1254,1308,1324,1335,1353,1407,1424,1435,1453,1508,1524,1535,1553,1608,1624,1635,1654,1708,1723,1738,1756,1808,1822,1838,1855,1903,1910,1923,1938,1955,2010,2024,2038,2055,2108,2128,2147,2211,2228,2246,2319,,,,,,,,,,,,,,,,,,,,,,,,,,,,,,,,,,,,,,,,,,,,,,,,,,,,,,,,,,,,,,,,,,,,,,,,,,,,,,,,,,,,,,,,,,,,,,,,,,,,,,,,,,,,,,,,,,,,,,,,,,,,,,,,,,,,,,,,,,,,,,,,,,,,,,,,,,,,,,,,,,,,,,,,,,,,,,,,,,,,,,,,,,,,,,,,,,,,,,,,,,,,,,,,,,,,,,,,,,,,,,,,,,,,,,,,,,,,,,,,,,,,,
大崎,発,,,,,,,,,,,,,,613,,,,632,,,643,654,,703,706,713,,720,722,,729,,739,741,,750,,800,802,,808,,818,,,831,833,,841,849,851,,901,,905,910,,921,,928,931,,939,945,948,,956,1005,,1014,,1018,,1031,,1042,,1053,,1104,,,1117,1121,,,1141,1144,,,1202,,1212,,1222,,,1242,1244,,,1302,,1313,,1322,,,1341,1344,,,1402,,1414,,1422,,,1441,1443,,,1502,,1513,,1522,,,1543,1546,,,1602,,1613,,1622,,1633,,1642,,1652,,1703,1708,1714,,1720,1728,1735,,1742,,1747,1754,,1805,1808,1813,,1820,,1827,,1837,1843,,1853,,1901,,1915,,1919,1923,1936,,1942,,1950,1953,2000,,,2019,2022,,2032,2035,,2042,,2052,,2102,,2113,,2122,,2133,,2142,,2151,,2202,,,2222,2226,,,2242,,2257,2303,,2317,,2335,,,,,,,,,,,,,,,,,,,,,,,,,,,,,,,,,,,646,710,725,755,812,827,837,857,912,,925,942,1003,,1023,1034,1039,1056,1109,1125,1136,1155,1209,1225,1239,1256,1309,1325,1337,1356,1408,1425,1436,1455,1509,1525,1536,1555,1610,1625,1636,1656,1711,1724,1739,1757,1811,1823,1840,1856,1905,1911,1926,1939,1956,2012,2025,2039,2056,2110,2130,2148,2212,2230,2248,2320,,,,,,,,,,,,,,,,,,,,,,,,,,,,,,,,,,,,,,,,,,,,,,,,,,,,,,,,,,,,,,,,,,,,,,,,,,,,,,,,,,,,,,,,,,,,,,,,,,,,,,,,,,,,,,,,,,,,,,,,,,,,,,,,,,,,,,,,,,,,,,,,,,,,,,,,,,,,,,,,,,,,,,,,,,,,,,,,,,,,,,,,,,,,,,,,,,,,,,,,,,,,,,,,,,,,,,,,,,,,,,,,,,,,,,,,,,,,,,,,,,,,,
恵比寿,着,,,,,,,,,,,,,,616,,,,635,,,646,657,,706,709,716,,723,725,,732,,742,744,,753,,803,805,,811,,821,,,834,836,,844,852,854,,904,,908,913,,924,,931,934,,942,948,951,,959,1008,,1017,,1021,,1034,,1045,,1056,,1107,,,1120,1124,,,1144,1147,,,1205,,1215,,1225,,,1245,1247,,,1305,,1316,,1325,,,1344,1347,,,1405,,1417,,1425,,,1444,1446,,,1505,,1516,,1525,,,1546,1549,,,1605,,1616,,1625,,1636,,1645,,1655,,1706,1711,1717,,1723,1731,1738,,1745,,1750,1757,,1808,1811,1816,,1823,,1830,,1840,1846,,1856,,1904,,1918,,1922,1926,1939,,1945,,1953,1956,2003,,,2022,2025,,2035,2038,,2045,,2055,,2105,,2116,,2125,,2136,,2145,,2154,,2205,,,2225,2229,,,2245,,2300,2306,,2320,,2338,,,,,,,,,,,,,,,,,,,,,,,,,,,,,,,,,,,649,713,728,758,815,830,840,900,915,,928,945,,,1026,1037,1042,1059,,1128,1139,1158,,1228,1242,1259,,1328,1340,1359,,1428,1439,1458,,1528,1539,1558,,1628,1639,1659,,1727,1742,1800,1814,1826,1843,1859,1908,1914,1929,1942,1959,2015,2028,2042,2059,2113,2133,2151,2215,2233,2251,2323,,,,,,,,,,,,,,,,,,,,,,,,,,,,,,,,,,,,,,,,,,,,,,,,,,,,,,,,,,,,,,,,,,,,,,,,,,,,,,,,,,,,,,,,,,,,,,,,,,,,,,,,,,,,,,,,,,,,,,,,,,,,,,,,,,,,,,,,,,,,,,,,,,,,,,,,,,,,,,,,,,,,,,,,,,,,,,,,,,,,,,,,,,,,,,,,,,,,,,,,,,,,,,,,,,,,,,,,,,,,,,,,,,,,,,,,,,,,,,,,,,,,,
恵比寿,発,,,,,,,,,,,,,,617,,,,636,,,648,659,,708,710,717,,724,726,,734,,743,745,,754,,804,807,,812,,822,,,835,837,,845,853,855,,905,,909,914,,925,,932,935,,943,950,952,,1001,1009,,1018,,1022,,1036,,1047,,1057,,1108,,,1122,1125,,,1145,1148,,,1207,,1216,,1226,,,1246,1249,,,1306,,1317,,1326,,,1345,1349,,,1407,,1419,,1426,,,1445,1447,,,1507,,1517,,1526,,,1547,1550,,,1607,,1617,,1626,,1637,,1646,,1657,,1708,1712,1718,,1725,1732,1739,,1746,,1752,1758,,1809,1812,1818,,1824,,1831,,1841,1847,,1857,,1905,,1919,,1923,1928,1940,,1947,,1954,1958,2004,,,2023,2026,,2036,2039,,2046,,2056,,2106,,2117,,2126,,2137,,2146,,2156,,2206,,,2226,2230,,,2246,,2301,2307,,2322,,2339,,,,,,,,,,,,,,,,,,,,,,,,,,,,,,,,,,,650,714,730,759,817,831,841,901,916,,929,946,レ1006,,1028,1038,1043,1100,レ1112,1129,1141,1159,レ1212,1229,1243,1300,レ1312,1329,1341,1400,レ1411,1429,1440,1459,レ1512,1529,1540,1559,レ1613,1630,1640,1700,レ1714,1728,1743,1802,1815,1827,1844,1901,1909,1916,1930,1943,2000,2016,2029,2043,2101,2114,2134,2153,2216,2234,2252,2325,,,,,,,,,,,,,,,,,,,,,,,,,,,,,,,,,,,,,,,,,,,,,,,,,,,,,,,,,,,,,,,,,,,,,,,,,,,,,,,,,,,,,,,,,,,,,,,,,,,,,,,,,,,,,,,,,,,,,,,,,,,,,,,,,,,,,,,,,,,,,,,,,,,,,,,,,,,,,,,,,,,,,,,,,,,,,,,,,,,,,,,,,,,,,,,,,,,,,,,,,,,,,,,,,,,,,,,,,,,,,,,,,,,,,,,,,,,,,,,,,,,,,
渋谷,着,,,,,,,,,,,,,,618,,,,637,,,649,700,,709,711,718,,725,727,,735,,744,746,,755,,805,808,,813,,823,,,836,838,,846,854,856,,906,,910,915,,926,,933,936,,944,951,953,,1002,1010,,1019,,1023,,1037,,1048,,1058,,1109,,,1123,1126,,,1146,1149,,,1208,,1217,,1227,,,1247,1250,,,1307,,1318,,1327,,,1346,1350,,,1408,,1420,,1427,,,1446,1448,,,1508,,1518,,1527,,,1548,1551,,,1608,,1618,,1627,,1638,,1647,,1658,,1709,1713,1719,,1726,1733,1740,,1747,,1753,1759,,1810,1813,1819,,1825,,1832,,1842,1848,,1858,,1906,,1920,,1924,1929,1941,,1948,,1955,1959,2005,,,2024,2027,,2037,2040,,2047,,2057,,2107,,2118,,2127,,2138,,2147,,2157,,2207,,,2227,2231,,,2247,,2302,2308,,2323,,2340,,,,,,,,,,,,,,,,,,,,,,,,,,,,,,,,,,,651,715,731,800,818,832,842,902,917,,930,947,1008,,1029,1039,1044,1101,1114,1130,1142,1200,1214,1230,1244,1301,1314,1330,1342,1401,1413,1430,1441,1500,1514,1530,1541,1600,1615,1631,1641,1701,1716,1729,1744,1803,1816,1828,1845,1902,1910,1917,1931,1944,2001,2017,2030,2044,2102,2115,2135,2154,2217,2235,2253,2326,,,,,,,,,,,,,,,,,,,,,,,,,,,,,,,,,,,,,,,,,,,,,,,,,,,,,,,,,,,,,,,,,,,,,,,,,,,,,,,,,,,,,,,,,,,,,,,,,,,,,,,,,,,,,,,,,,,,,,,,,,,,,,,,,,,,,,,,,,,,,,,,,,,,,,,,,,,,,,,,,,,,,,,,,,,,,,,,,,,,,,,,,,,,,,,,,,,,,,,,,,,,,,,,,,,,,,,,,,,,,,,,,,,,,,,,,,,,,,,,,,,,,
渋谷,発,,,,,,,,,,,,,,619,,,,638,,,650,701,,710,712,720,,726,729,,736,,745,748,,757,,807,809,,815,,825,,,837,840,,848,855,858,,908,,911,916,,928,,934,938,,946,952,954,,1003,1012,,1020,,1025,,1038,,1049,,1059,,1110,,,1124,1127,,,1148,1150,,,1209,,1219,,1228,,,1249,1251,,,1309,,1319,,1328,,,1348,1352,,,1409,,1421,,1428,,,1447,1450,,,1509,,1519,,1528,,,1550,1552,,,1609,,1620,,1629,,1640,,1649,,1659,,1710,1714,1721,,1727,1734,1741,,1749,,1754,1800,,1812,1815,1820,,1826,,1834,,1844,1850,,1859,,1907,,1921,,1926,1930,1942,,1949,,1957,2000,2006,,,2026,2029,,2038,2041,,2049,,2058,,2109,,2119,,2129,,2140,,2148,,2158,,2208,,,2229,2232,,,2248,,2304,2310,,2324,,2341,,,,,,,,,,,,,,,,,,,,,,,,,,,,,,,,,,,653,716,732,802,819,833,844,904,919,,931,949,1009,,1030,1040,1045,1102,1115,1132,1143,1202,1214,1231,1245,1302,1314,1331,1344,1402,1414,1431,1442,1502,1515,1531,1542,1602,1615,1632,1643,1702,1717,1731,1745,1804,1817,1830,1846,1903,1911,1918,1933,1945,2003,2018,2032,2045,2103,2117,2136,2155,2218,2237,2254,2327,,,,,,,,,,,,,,,,,,,,,,,,,,,,,,,,,,,,,,,,,,,,,,,,,,,,,,,,,,,,,,,,,,,,,,,,,,,,,,,,,,,,,,,,,,,,,,,,,,,,,,,,,,,,,,,,,,,,,,,,,,,,,,,,,,,,,,,,,,,,,,,,,,,,,,,,,,,,,,,,,,,,,,,,,,,,,,,,,,,,,,,,,,,,,,,,,,,,,,,,,,,,,,,,,,,,,,,,,,,,,,,,,,,,,,,,,,,,,,,,,,,,,
新宿,着,,,,,,,,,,,,,,624,,,,644,,,654,705,,715,716,724,,730,734,,740,,749,753,,801,,811,814,,819,,829,,,841,845,,852,859,902,,912,,915,921,,932,,938,943,,950,956,959,,1007,1017,,1026,,1029,,1043,,1053,,1104,,1114,,,1128,1132,,,1152,1155,,,1213,,1224,,1232,,,1253,1256,,,1313,,1324,,1332,,,1352,1358,,,1413,,1426,,1432,,,1451,1455,,,1513,,1524,,1532,,,1554,1557,,,1613,,1625,,1633,,1645,,1653,,1704,,1714,1718,1726,,1731,1738,1746,,1753,,1758,1805,,1816,1819,1825,,1830,,1838,,1849,1854,,1904,,1911,,1926,,1930,1934,1947,,1953,,2001,2005,2010,,,2031,2033,,2042,2046,,2053,,2103,,2113,,2124,,2133,,2145,,2152,,2203,,2212,,,2233,2237,,,2252,,2309,2314,,2328,,2345,,,,,,,,,,,,,,,,,,,,,,,,,,,,,,,,,,,657,721,737,808,824,838,848,908,923,,935,954,1013,,1035,1045,1050,1108,1120,1137,1148,1206,1219,1236,1250,1306,1319,1336,1348,1406,1419,1436,1447,1506,1519,1536,1548,1606,1619,1637,1648,1707,1722,1736,1750,1809,1822,1834,1851,1908,1916,1923,1938,1950,2007,2023,2037,2050,2108,2121,2142,2200,2223,2242,2258,2332,,,,,,,,,,,,,,,,,,,,,,,,,,,,,,,,,,,,,,,,,,,,,,,,,,,,,,,,,,,,,,,,,,,,,,,,,,,,,,,,,,,,,,,,,,,,,,,,,,,,,,,,,,,,,,,,,,,,,,,,,,,,,,,,,,,,,,,,,,,,,,,,,,,,,,,,,,,,,,,,,,,,,,,,,,,,,,,,,,,,,,,,,,,,,,,,,,,,,,,,,,,,,,,,,,,,,,,,,,,,,,,,,,,,,,,,,,,,,,,,,,,,,
新宿,発,,,,,,,,,,,558,610,616,,625,632,638,,645,651,655,706,710,,717,724,728,734,,736,742,748,752,,756,801,807,812,,816,821,828,,832,837,843,,847,854,900,,905,914,916,920,,928,932,940,942,,948,952,958,,1008,1011,,1018,,1027,1033,1038,,1048,1054,1059,,1107,1115,1117,1127,1132,,1137,1147,1154,,1157,1207,1214,1218,,1227,1234,1237,1248,1254,,1257,1307,1314,1317,,1327,1334,1337,1347,1354,,1359,1407,1414,1417,,1427,1434,1437,1448,1454,,1457,1507,1514,1517,,1527,1534,1537,1547,1556,,1558,1607,1614,1617,,1627,1634,1637,,1647,1654,1657,,1706,1715,1719,,1727,1734,1740,,1747,1755,1758,1801,,1808,1816,1820,,1828,1832,1838,1842,1846,,1855,1857,,1907,1914,1917,,1927,1932,1937,,1947,1954,2000,2005,,2013,2018,2027,,2034,2037,2044,,2048,2054,2057,,2107,2114,2117,,2127,2134,2137,,2147,2154,2157,,2206,2214,2217,2227,2234,,2239,2249,2255,2307,,2315,2320,2329,2337,2347,2352,2400,,,,,,,,,,,,,,,,,,,,,,,,,,,,,,,,,658,722,738,809,825,839,850,910,924,934,937,956,1014,1031,1036,1046,1051,1110,1121,1140,1150,1210,1220,1240,1251,1309,1320,1340,1349,1409,1420,1440,1450,1510,1520,1540,1549,1609,1620,1640,1649,1709,1725,1737,1751,1810,1823,1836,1852,1910,1919,1924,1940,1951,2009,2024,2039,2051,2109,2123,2143,2201,2224,2245,2300,2333,,,,,,,,,,,,,,,,,,,,,,,,,,,,,,,,,,,,,,,,,,,,,,,,,,,,,,,,,,,,,,,,,,,,,,,,,,,,,,,,,,,,,,,,,,,,,,,,,,,,,,,,,,,,,,,,,,,,,,,,,,,,,,,,,,,,,,,,,,,,,,,,,,,,,,,,,,,,,,,,,,,,,,,,,,,,,,,,,,,,,,,,,,,,,,,,,,,,,,,,,,,,,,,,,,,,,,,,,,,,,,,,,,,,,,,,,,,,,,,,,,,,,
池袋,着,,,,,,,,,,,603,615,621,,630,637,643,,650,656,700,711,715,,722,729,733,739,,741,747,753,757,,801,806,812,817,,821,826,833,,837,842,848,,852,859,905,,910,919,921,925,,933,937,945,948,,953,957,1003,,1013,1016,,1023,,1032,1038,1043,,1053,1059,1104,,1112,1120,1122,1132,1137,,1142,1152,1159,,1202,1212,1219,1223,,1232,1239,1242,1253,1259,,1302,1312,1319,1322,,1332,1339,1342,1352,1359,,1404,1412,1419,1422,,1432,1439,1442,1453,1459,,1502,1512,1519,1522,,1532,1539,1542,1552,1601,,1603,1612,1619,1622,,1632,1639,1642,,1652,1659,1702,,1711,1720,1724,,1732,1739,1745,,1752,1800,1803,1806,,1813,1821,1825,,1833,1837,1843,1847,1851,,1900,1902,,1912,1919,1922,,1932,1937,1942,,1952,1959,2005,2010,,2018,2023,2032,,2039,2042,2049,,2053,2059,2102,,2112,2119,2122,,2132,2139,2142,,2152,2159,2202,,2211,2219,2222,2232,2239,,2244,2254,2300,2312,,2320,2325,2334,2342,2352,2357,5,,,,,,,,,,,,,,,,,,,,,,,,,,,,,,,,,703,727,743,814,830,844,855,915,929,939,942,1001,1019,1036,1041,1051,1056,1115,1126,1145,1155,1215,1225,1245,1256,1314,1325,1345,1354,1414,1425,1445,1455,1515,1525,1545,1554,1614,1625,1645,1654,1714,1730,1742,1756,1815,1828,1841,1857,1915,1924,1929,1945,1956,2014,2029,2044,2056,2114,2128,2148,2206,2229,2250,2305,2338,,,,,,,,,,,,,,,,,,,,,,,,,,,,,,,,,,,,,,,,,,,,,,,,,,,,,,,,,,,,,,,,,,,,,,,,,,,,,,,,,,,,,,,,,,,,,,,,,,,,,,,,,,,,,,,,,,,,,,,,,,,,,,,,,,,,,,,,,,,,,,,,,,,,,,,,,,,,,,,,,,,,,,,,,,,,,,,,,,,,,,,,,,,,,,,,,,,,,,,,,,,,,,,,,,,,,,,,,,,,,,,,,,,,,,,,,,,,,,,,,,,,,
池袋,発,,430,440,,500,512,530,,540,552,604,616,622,,632,638,644,,652,658,703,712,718,,723,730,733,739,,743,748,754,759,,803,808,813,819,,822,827,833,,839,843,,,853,900,905,,911,920,,925,,934,940,945,,,954,1000,1005,,1013,1019,,1025,,1033,1039,1045,,1054,1100,1105,,1113,1120,1125,1133,1140,,1145,1153,1200,,1205,1213,1220,1225,,1233,1240,1245,1253,1300,,1305,1313,1320,1325,,1333,1340,1345,1353,1400,,1405,1413,1420,1425,,1433,1440,1445,1453,1500,,1505,1513,1520,1525,,1533,1540,1545,1553,1601,,1605,1613,1620,1625,,1633,1640,1645,,1653,1700,1705,,1713,1720,1725,,1733,1740,1745,,1753,1801,1804,1807,,1814,1822,1826,,1833,1840,1844,1848,1853,,1900,1905,,1913,1920,1925,,1933,1939,1944,,1953,2000,2005,2013,,2020,2025,2033,,2039,2044,2050,,2054,2100,2105,,2113,2120,2125,,2133,2140,2145,,2153,2200,2203,,2211,2220,2223,2233,2239,,2246,2254,2300,2312,,2322,2327,2335,2343,2352,2357,2405,2422,,,,,,,,,,,,,,,,,,,,,,,,,,,,,,,,704,728,744,816,831,845,855,915,931,940,944,1001,1020,1037,1041,1052,1057,1116,1126,1145,1155,1215,1226,1246,1256,1315,1326,1345,1355,1415,1426,1445,1455,1515,1525,1545,1555,1614,1626,1646,1655,1715,1730,1744,1757,1816,1830,1842,1859,1916,1925,1930,1945,1957,2015,2030,2044,2058,2115,2129,2149,2209,2230,2252,2305,2340,,,,,,,,,,,,,,,,,,,,,,,,,,,,,,,,,,,,,,,,,,,,,,,,,,,,,,,,,,,,,,,,,,,,,,,,,,,,,,,,,,,,,,,,,,,,,,,,,,,,,,,,,,,,,,,,,,,,,,,,,,,,,,,,,,,,,,,,,,,,,,,,,,,,,,,,,,,,,,,,,,,,,,,,,,,,,,,,,,,,,,,,,,,,,,,,,,,,,,,,,,,,,,,,,,,,,,,,,,,,,,,,,,,,,,,,,,,,,,,,,,,,,
板橋,着,,432,442,,502,514,532,,542,554,606,618,624,,634,640,646,,654,700,705,714,720,,725,732,735,741,,745,750,756,801,,805,810,815,821,,824,829,835,,841,845,,,855,902,907,,913,922,,927,,936,942,947,,,956,1002,1007,,1015,1021,,1027,,1035,1041,1047,,1056,1102,1107,,1115,1122,1127,1135,1142,,1147,1155,1202,,1207,1215,1222,1227,,1235,1242,1247,1255,1302,,1307,1315,1322,1327,,1335,1342,1347,1355,1402,,1407,1415,1422,1427,,1435,1442,1447,1455,1502,,1507,1515,1522,1527,,1535,1542,1547,1555,1603,,1607,1615,1622,1627,,1635,1642,1647,,1655,1702,1707,,1715,1722,1727,,1735,1742,1747,,1755,1803,1806,1809,,1816,1824,1828,,1835,1842,1846,1850,1855,,1902,1907,,1915,1922,1927,,1935,1941,1946,,1955,2002,2007,2015,,2022,2027,2035,,2041,2046,2052,,2056,2102,2107,,2115,2122,2127,,2135,2142,2147,,2155,2202,2205,,2213,2222,2225,2235,2241,,2248,2256,2302,2314,,2324,2329,2337,2345,2354,2359,7,24,,,,,,,,,,,,,,,,,,,,,,,,,,,,,,,,,,,,,,,,,,,,,,,,,,,,,,,,,,,,,,,,,,,,,,,,,,,,,,,,,,,,,,,,,,,,,,,,,,,,,,,,,,,,,,,,,,,,,,,,,,,,,,,,,,,,,,,,,,,,,,,,,,,,,,,,,,,,,,,,,,,,,,,,,,,,,,,,,,,,,,,,,,,,,,,,,,,,,,,,,,,,,,,,,,,,,,,,,,,,,,,,,,,,,,,,,,,,,,,,,,,,,,,,,,,,,,,,,,,,,,,,,,,,,,,,,,,,,,,,,,,,,,,,,,,,,,,,,,,,,,,,,,,,,,,,,,,,,,,,,,,,,,,,,,,,,,,,,,,,,,
板橋,発,,432,443,,502,516,533,,543,554,606,619,624,,634,641,646,,654,701,706,714,720,,726,733,736,742,,746,750,756,802,,806,810,816,821,,825,830,836,,841,846,,,856,902,908,,914,922,,928,,936,942,948,,,956,1002,1008,,1016,1021,,1027,,1035,1042,1047,,1056,1102,1108,,1115,1123,1127,1135,1142,,1147,1155,1202,,1208,1215,1222,1227,,1235,1242,1247,1256,1302,,1308,1315,1322,1327,,1335,1342,1347,1355,1402,,1408,1416,1422,1427,,1435,1442,1447,1456,1502,,1508,1515,1522,1527,,1535,1542,1547,1555,1604,,1608,1615,1622,1627,,1635,1642,1647,,1655,1702,1708,,1716,1723,1728,,1735,1742,1748,,1755,1803,1806,1810,,1817,1825,1828,,1836,1842,1846,1851,1856,,1903,1908,,1915,1922,1928,,1935,1942,1947,,1955,2002,2008,2015,,2022,2028,2036,,2042,2046,2052,,2056,2102,2108,,2115,2122,2128,,2135,2142,2148,,2155,2202,2205,,2214,2222,2225,2235,2242,,2249,2257,2303,2315,,2324,2330,2338,2346,2355,2400,2408,2424,,,,,,,,,,,,,,,,,,,,,,,,,,,,,,,,,,,,,,,,,,,,,,,,,,,,,,,,,,,,,,,,,,,,,,,,,,,,,,,,,,,,,,,,,,,,,,,,,,,,,,,,,,,,,,,,,,,,,,,,,,,,,,,,,,,,,,,,,,,,,,,,,,,,,,,,,,,,,,,,,,,,,,,,,,,,,,,,,,,,,,,,,,,,,,,,,,,,,,,,,,,,,,,,,,,,,,,,,,,,,,,,,,,,,,,,,,,,,,,,,,,,,,,,,,,,,,,,,,,,,,,,,,,,,,,,,,,,,,,,,,,,,,,,,,,,,,,,,,,,,,,,,,,,,,,,,,,,,,,,,,,,,,,,,,,,,,,,,,,,,,
十条,着,,433,444,,503,517,534,,544,555,607,620,625,,635,642,647,,655,702,707,715,721,,727,734,737,743,,747,751,757,803,,807,811,817,822,,826,831,837,,842,847,,,857,903,909,,915,923,,929,,937,943,949,,,957,1003,1009,,1017,1022,,1028,,1036,1043,1048,,1057,1103,1109,,1116,1124,1128,1136,1143,,1148,1156,1203,,1209,1216,1223,1228,,1236,1243,1248,1257,1303,,1309,1316,1323,1328,,1336,1343,1348,1356,1403,,1409,1417,1423,1428,,1436,1443,1448,1457,1503,,1509,1516,1523,1528,,1536,1543,1548,1556,1605,,1609,1616,1623,1628,,1636,1643,1648,,1656,1703,1709,,1717,1724,1729,,1736,1743,1749,,1756,1804,1807,1811,,1818,1826,1829,,1837,1843,1847,1852,1857,,1904,1909,,1916,1923,1929,,1936,1943,1948,,1956,2003,2009,2016,,2023,2029,2037,,2043,2047,2053,,2057,2103,2109,,2116,2123,2129,,2136,2143,2149,,2156,2203,2206,,2215,2223,2226,2236,2243,,2250,2258,2304,2316,,2325,2331,2339,2347,2356,1,9,25,,,,,,,,,,,,,,,,,,,,,,,,,,,,,,,,,,,,,,,,,,,,,,,,,,,,,,,,,,,,,,,,,,,,,,,,,,,,,,,,,,,,,,,,,,,,,,,,,,,,,,,,,,,,,,,,,,,,,,,,,,,,,,,,,,,,,,,,,,,,,,,,,,,,,,,,,,,,,,,,,,,,,,,,,,,,,,,,,,,,,,,,,,,,,,,,,,,,,,,,,,,,,,,,,,,,,,,,,,,,,,,,,,,,,,,,,,,,,,,,,,,,,,,,,,,,,,,,,,,,,,,,,,,,,,,,,,,,,,,,,,,,,,,,,,,,,,,,,,,,,,,,,,,,,,,,,,,,,,,,,,,,,,,,,,,,,,,,,,,,,,
十条,発,,435,445,,505,518,535,,545,557,609,621,627,,637,643,649,,657,703,708,717,723,,728,735,738,744,,748,753,759,804,,808,813,818,824,,827,832,838,,844,848,,,858,905,910,,916,925,,930,,939,945,950,,,959,1005,1010,,1018,1024,,1030,,1038,1044,1050,,1059,1105,1110,,1118,1125,1130,1138,1145,,1150,1158,1205,,1210,1218,1225,1230,,1238,1245,1250,1258,1305,,1310,1318,1325,1330,,1338,1345,1350,1358,1405,,1410,1418,1425,1430,,1438,1445,1450,1458,1505,,1510,1518,1525,1530,,1538,1545,1550,1558,1606,,1610,1618,1625,1630,,1638,1645,1650,,1658,1705,1710,,1718,1725,1730,,1738,1745,1750,,1758,1806,1809,1812,,1819,1827,1831,,1838,1845,1849,1853,1858,,1905,1910,,1918,1925,1930,,1938,1944,1949,,1958,2005,2010,2018,,2025,2030,2038,,2044,2049,2055,,2059,2105,2110,,2118,2125,2130,,2138,2145,2150,,2158,2205,2208,,2216,2225,2228,2238,2244,,2251,2259,2305,2317,,2327,2332,2340,2348,2357,2402,2410,2427,,,,,,,,,,,,,,,,,,,,,,,,,,,,,,,,,,,,,,,,,,,,,,,,,,,,,,,,,,,,,,,,,,,,,,,,,,,,,,,,,,,,,,,,,,,,,,,,,,,,,,,,,,,,,,,,,,,,,,,,,,,,,,,,,,,,,,,,,,,,,,,,,,,,,,,,,,,,,,,,,,,,,,,,,,,,,,,,,,,,,,,,,,,,,,,,,,,,,,,,,,,,,,,,,,,,,,,,,,,,,,,,,,,,,,,,,,,,,,,,,,,,,,,,,,,,,,,,,,,,,,,,,,,,,,,,,,,,,,,,,,,,,,,,,,,,,,,,,,,,,,,,,,,,,,,,,,,,,,,,,,,,,,,,,,,,,,,,,,,,,,
赤羽,着,,438,448,,507,520,537,,547,559,611,623,629,,639,645,651,,659,705,710,719,725,,730,737,740,746,,750,755,801,806,,810,815,820,826,,829,834,840,,846,850,,,900,907,912,,918,927,,932,,941,947,952,,,1001,1007,1012,,1020,1026,,1032,,1040,1046,1052,,1101,1107,1112,,1120,1127,1132,1140,1147,,1152,1200,1207,,1212,1220,1227,1232,,1240,1247,1252,1300,1307,,1312,1320,1327,1332,,1340,1347,1352,1400,1407,,1412,1420,1427,1432,,1440,1447,1452,1500,1507,,1512,1520,1527,1532,,1540,1547,1552,1600,1608,,1612,1620,1627,1632,,1640,1647,1652,,1700,1707,1712,,1720,1727,1732,,1740,1747,1752,,1800,1808,1811,1814,,1821,1829,1833,,1840,1847,1851,1855,1900,,1907,1912,,1920,1927,1932,,1940,1946,1951,,2000,2007,2012,2020,,2027,2032,2040,,2046,2051,2057,,2101,2107,2112,,2120,2127,2132,,2140,2147,2152,,2200,2207,2210,,2218,2227,2230,2240,2247,,2253,2302,2307,2319,,2329,2335,2342,2350,2359,2405,12,2430,,,,,,,,,,,,,,,,,,,,,,,,,,,,,,,,,,,,,,,,,,,,,,,,,,,,,,,,,,,,,,,,,,,,,,,,,,,,,,,,,,,,,,,,,,,,,,,,,,,,,,,,,,,,,,,,,,,,,,,,,,,,,,,,,,,,,,,,,,,,,,,,,,,,,,,,,,,,,,,,,,,,,,,,,,,,,,,,,,,,,,,,,,,,,,,,,,,,,,,,,,,,,,,,,,,,,,,,,,,,,,,,,,,,,,,,,,,,,,,,,,,,,,,,,,,,,,,,,,,,,,,,,,,,,,,,,,,,,,,,,,,,,,,,,,,,,,,,,,,,,,,,,,,,,,,,,,,,,,,,,,,,,,,,,,,,,,,,,,,,,,
赤羽,発,,,,,510,522,538,,549,601,612,625,630,,641,647,652,,701,707,712,721,727,,731,738,741,747,,751,756,802,808,,811,816,821,827,,831,836,841,,847,853,,,901,908,913,,921,928,,933,,942,948,953,,,1002,1008,1013,,1021,1028,,1033,,1041,1048,1053,,1102,1108,1113,,1121,1128,1133,1141,1148,,1153,1201,1208,,1213,1221,1228,1233,,1241,1248,1253,1301,1308,,1313,1321,1328,1333,,1341,1348,1353,1401,1408,,1413,1421,1428,1433,,1441,1448,1453,1501,1508,,1513,1521,1528,1533,,1541,1548,1553,1601,1609,,1613,1621,1628,1633,,1641,1648,1653,,1701,1708,1713,,1721,1728,1733,,1741,1748,1753,,1801,1809,1812,1817,,1823,1830,1834,,1841,1848,1852,1856,1901,,1908,1913,,1921,1928,1933,,1941,1948,1953,,2001,2008,2013,2021,,2028,2033,2041,,2049,2052,2058,,2102,2108,2113,,2121,2128,2133,,2141,2148,2153,,2201,2208,2211,,2219,2228,2231,2242,,,2255,,2308,2320,,2330,,2343,2352,2401,,2413,,,,,,,,,,,,,,,,,,,,,,,,,,,,,,,,,,,,,,,,,,,,,,,,,,,,,,,,,,,,,,,,,,,,,,,,,,,,,,,,,,,,,,,,,,,,,,,,,,,,,,,,,,,,,,,,,,,,,,,,,,,,,,,,,,,,,,,,,,,,,,,,,,,,,,,,,,,,,,,,,,,,,,,,,,,,,,,,,,,,,,,,,,,,,,,,,,,,,,,,,,,,,,,,,,,,,,,,,,,,,,,,,,,,,,,,,,,,,,,,,,,,,,,,,,,,,,,,,,,,,,,,,,,,,,,,,,,,,,,,,,,,,,,,,,,,,,,,,,,,,,,,,,,,,,,,,,,,,,,,,,,,,,,,,,,,,,,,,,,,,,,
北赤羽,着,,,,,511,523,539,,550,602,613,,631,,642,,653,,702,,713,722,,,732,739,742,,,752,757,803,,,812,817,822,,,832,837,842,,,854,,,902,,914,,922,,,934,,943,,954,,,1003,,1014,,1022,,,1034,,1042,,1054,,1103,,1114,,1122,,1134,1142,,,1154,1202,,,1214,1222,,1234,,1242,,1254,1302,,,1314,1322,,1334,,1342,,1354,1402,,,1414,1422,,1434,,1442,,1454,1502,,,1514,1522,,1534,,1542,,1554,1602,,,1614,1622,,1634,,1642,,1654,,1702,,1714,,1722,,1734,,1742,,1754,,1802,,1813,1818,,1824,,1835,,1842,,1853,1857,1902,,,1914,,1922,,1934,,1942,,1954,,2002,,2014,2022,,,2034,2042,,,2053,2059,,2103,,2114,,2122,,2134,,2142,,2154,,2202,,2212,,2220,,2232,2243,,,2256,,2309,2321,,2331,,2344,2353,2,,14,,,,,,,,,,,,,,,,,,,,,,,,,,,,,,,,,,,,,,,,,,,,,,,,,,,,,,,,,,,,,,,,,,,,,,,,,,,,,,,,,,,,,,,,,,,,,,,,,,,,,,,,,,,,,,,,,,,,,,,,,,,,,,,,,,,,,,,,,,,,,,,,,,,,,,,,,,,,,,,,,,,,,,,,,,,,,,,,,,,,,,,,,,,,,,,,,,,,,,,,,,,,,,,,,,,,,,,,,,,,,,,,,,,,,,,,,,,,,,,,,,,,,,,,,,,,,,,,,,,,,,,,,,,,,,,,,,,,,,,,,,,,,,,,,,,,,,,,,,,,,,,,,,,,,,,,,,,,,,,,,,,,,,,,,,,,,,,,,,,,,,,
北赤羽,発,,,,,512,524,540,,551,603,614,レ626,632,,643,レ648,654,,703,レ708,714,723,レ728,,734,740,743,レ748,,753,758,804,レ809,,813,818,823,レ828,,833,838,843,,レ848,855,,,903,レ909,915,,923,レ929,,935,,944,レ949,956,,,1004,レ1009,1015,,1023,レ1029,,1035,,1043,レ1049,1055,,1104,レ1109,1115,,1123,レ1129,1135,1143,レ1149,,1155,1203,レ1209,,1215,1223,レ1229,1235,,1243,レ1249,1255,1303,レ1309,,1315,1323,レ1329,1335,,1343,レ1349,1355,1403,レ1409,,1415,1423,レ1429,1435,,1443,レ1449,1455,1503,レ1509,,1515,1523,レ1529,1535,,1543,レ1549,1555,1603,レ1610,,1615,1623,レ1629,1635,,1643,レ1649,1655,,1703,レ1709,1715,,1723,レ1729,1735,,1743,レ1749,1755,,1803,レ1810,1814,1819,,1825,レ1831,1836,,1843,レ1849,1854,1858,1903,,レ1909,1915,,1923,レ1929,1935,,1943,レ1949,1955,,2003,レ2009,2015,2023,,レ2029,2035,2043,,レ2050,2054,2100,,2104,レ2109,2115,,2123,レ2129,2135,,2143,レ2149,2155,,2203,レ2209,2213,,2221,レ2229,2233,2244,,,2257,,2310,2323,,2333,,2345,2354,2403,,2415,,,,,,,,,,,,,,,,,,,,,,,,,,,,,,,,,,,,,,,,,,,,,,,,,,,,,,,,,,,,,,,,,,,,,,,,,,,,,,,,,,,,,,,,,,,,,,,,,,,,,,,,,,,,,,,,,,,,,,,,,,,,,,,,,,,,,,,,,,,,,,,,,,,,,,,,,,,,,,,,,,,,,,,,,,,,,,,,,,,,,,,,,,,,,,,,,,,,,,,,,,,,,,,,,,,,,,,,,,,,,,,,,,,,,,,,,,,,,,,,,,,,,,,,,,,,,,,,,,,,,,,,,,,,,,,,,,,,,,,,,,,,,,,,,,,,,,,,,,,,,,,,,,,,,,,,,,,,,,,,,,,,,,,,,,,,,,,,,,,,,,,
浮間舟渡,着,,,,,513,525,541,,552,604,615,,633,,644,,655,,704,,715,724,,,735,741,744,,,754,759,805,,,814,819,824,,,834,839,844,,,856,,,904,,916,,924,,,936,,945,,957,,,1005,,1016,,1024,,,1036,,1044,,1056,,1105,,1116,,1124,,1136,1144,,,1156,1204,,,1216,1224,,1236,,1244,,1256,1304,,,1316,1324,,1336,,1344,,1356,1404,,,1416,1424,,1436,,1444,,1456,1504,,,1516,1524,,1536,,1544,,1556,1604,,,1616,1624,,1636,,1644,,1656,,1704,,1716,,1724,,1736,,1744,,1756,,1804,,1815,1820,,1826,,1837,,1844,,1855,1859,1904,,,1916,,1924,,1936,,1944,,1956,,2004,,2016,2024,,,2036,2044,,,2055,2101,,2105,,2116,,2124,,2136,,2144,,2156,,2204,,2214,,2222,,2234,2245,,,2258,,2311,2324,,2334,,2346,2355,4,,16,,,,,,,,,,,,,,,,,,,,,,,,,,,,,,,,,,,,,,,,,,,,,,,,,,,,,,,,,,,,,,,,,,,,,,,,,,,,,,,,,,,,,,,,,,,,,,,,,,,,,,,,,,,,,,,,,,,,,,,,,,,,,,,,,,,,,,,,,,,,,,,,,,,,,,,,,,,,,,,,,,,,,,,,,,,,,,,,,,,,,,,,,,,,,,,,,,,,,,,,,,,,,,,,,,,,,,,,,,,,,,,,,,,,,,,,,,,,,,,,,,,,,,,,,,,,,,,,,,,,,,,,,,,,,,,,,,,,,,,,,,,,,,,,,,,,,,,,,,,,,,,,,,,,,,,,,,,,,,,,,,,,,,,,,,,,,,,,,,,,,,,
浮間舟渡,発,,,,,514,526,542,,553,605,616,レ627,634,,645,レ649,656,,705,レ709,716,725,レ729,,736,742,745,レ749,,755,800,806,レ810,,815,820,825,レ829,,835,840,845,,レ849,857,,,905,レ910,917,,925,レ930,,937,,946,レ950,958,,,1006,レ1010,1017,,1025,レ1030,,1037,,1045,レ1050,1057,,1106,レ1110,1117,,1125,レ1130,1137,1145,レ1150,,1157,1205,レ1210,,1217,1225,レ1230,1237,,1245,レ1250,1257,1305,レ1310,,1317,1325,レ1330,1337,,1345,レ1350,1357,1405,レ1410,,1417,1425,レ1430,1437,,1445,レ1450,1457,1505,レ1510,,1517,1525,レ1530,1537,,1545,レ1550,1557,1605,レ1611,,1617,1625,レ1630,1637,,1645,レ1650,1657,,1705,レ1710,1717,,1725,レ1730,1737,,1745,レ1750,1757,,1805,レ1811,1816,1821,,1827,レ1832,1838,,1845,レ1850,1856,1900,1905,,レ1910,1917,,1925,レ1930,1937,,1945,レ1950,1957,,2005,レ2010,2017,2025,,レ2030,2037,2045,,レ2051,2056,2102,,2106,レ2110,2117,,2125,レ2130,2137,,2145,レ2150,2157,,2205,レ2210,2215,,2223,レ2230,2235,2246,,,2259,,2312,2325,,2335,,2347,2356,2405,,2417,,,,,,,,,,,,,,,,,,,,,,,,,,,,,,,,,,,,,,,,,,,,,,,,,,,,,,,,,,,,,,,,,,,,,,,,,,,,,,,,,,,,,,,,,,,,,,,,,,,,,,,,,,,,,,,,,,,,,,,,,,,,,,,,,,,,,,,,,,,,,,,,,,,,,,,,,,,,,,,,,,,,,,,,,,,,,,,,,,,,,,,,,,,,,,,,,,,,,,,,,,,,,,,,,,,,,,,,,,,,,,,,,,,,,,,,,,,,,,,,,,,,,,,,,,,,,,,,,,,,,,,,,,,,,,,,,,,,,,,,,,,,,,,,,,,,,,,,,,,,,,,,,,,,,,,,,,,,,,,,,,,,,,,,,,,,,,,,,,,,,,,
戸田公園,着,,,,,516,528,544,,555,607,618,629,636,,647,651,658,,707,711,718,727,731,,738,744,747,751,,757,802,808,812,,817,822,827,831,,837,842,847,,851,859,,,907,912,919,,927,932,,939,,948,952,1000,,,1008,1012,1019,,1027,1032,,1039,,1047,1052,1059,,1108,1112,1119,,1127,1132,1139,1147,1152,,1159,1207,1212,,1219,1227,1232,1239,,1247,1252,1259,1307,1312,,1319,1327,1332,1339,,1347,1352,1359,1407,1412,,1419,1427,1432,1439,,1447,1452,1459,1507,1512,,1519,1527,1532,1539,,1547,1552,1559,1607,1613,,1619,1627,1632,1639,,1647,1652,1659,,1707,1712,1719,,1727,1732,1739,,1747,1752,1759,,1807,1813,1818,1823,,1829,1834,1840,,1847,1852,1858,1902,1907,,1912,1919,,1927,1932,1939,,1947,1952,1959,,2007,2012,2019,2027,,2032,2039,2047,,2053,2058,2104,,2108,2112,2119,,2127,2132,2139,,2147,2152,2159,,2207,2212,2217,,2225,2232,2237,2248,,,2301,,2314,2327,,2337,,2349,2358,7,,19,,,,,,,,,,,,,,,,,,,,,,,,,,,,,,,,,,,,,,,,,,,,,,,,,,,,,,,,,,,,,,,,,,,,,,,,,,,,,,,,,,,,,,,,,,,,,,,,,,,,,,,,,,,,,,,,,,,,,,,,,,,,,,,,,,,,,,,,,,,,,,,,,,,,,,,,,,,,,,,,,,,,,,,,,,,,,,,,,,,,,,,,,,,,,,,,,,,,,,,,,,,,,,,,,,,,,,,,,,,,,,,,,,,,,,,,,,,,,,,,,,,,,,,,,,,,,,,,,,,,,,,,,,,,,,,,,,,,,,,,,,,,,,,,,,,,,,,,,,,,,,,,,,,,,,,,,,,,,,,,,,,,,,,,,,,,,,,,,,,,,,,
戸田公園,発,,,,,517,529,545,,556,608,619,630,637,,648,652,659,,708,712,719,728,732,,739,745,748,752,,758,803,809,813,,818,823,828,832,,838,843,848,,852,900,,,908,913,920,,928,933,,940,,949,953,1001,,,1009,1013,1020,,1028,1033,,1040,,1048,1053,1100,,1109,1113,1120,,1128,1133,1140,1148,1153,,1200,1208,1213,,1220,1228,1233,1240,,1248,1253,1300,1308,1313,,1320,1328,1333,1340,,1348,1353,1400,1408,1413,,1420,1428,1433,1440,,1448,1453,1500,1508,1513,,1520,1528,1533,1540,,1548,1553,1600,1608,1614,,1620,1628,1633,1640,,1648,1653,1700,,1708,1713,1720,,1728,1733,1740,,1748,1753,1800,,1808,1814,1819,1824,,1830,1835,1841,,1848,1853,1859,1903,1908,,1913,1920,,1928,1933,1940,,1948,1953,2000,,2008,2013,2020,2028,,2033,2040,2048,,2054,2059,2105,,2109,2113,2120,,2128,2133,2140,,2148,2153,2200,,2208,2213,2218,,2226,2233,2238,2249,,,2302,,2315,2328,,2338,,2350,2359,2408,,2420,,,,,,,,,,,,,,,,,,,,,,,,,,,,,,,,,,,,,,,,,,,,,,,,,,,,,,,,,,,,,,,,,,,,,,,,,,,,,,,,,,,,,,,,,,,,,,,,,,,,,,,,,,,,,,,,,,,,,,,,,,,,,,,,,,,,,,,,,,,,,,,,,,,,,,,,,,,,,,,,,,,,,,,,,,,,,,,,,,,,,,,,,,,,,,,,,,,,,,,,,,,,,,,,,,,,,,,,,,,,,,,,,,,,,,,,,,,,,,,,,,,,,,,,,,,,,,,,,,,,,,,,,,,,,,,,,,,,,,,,,,,,,,,,,,,,,,,,,,,,,,,,,,,,,,,,,,,,,,,,,,,,,,,,,,,,,,,,,,,,,,,
戸田,着,,,,,518,530,546,,557,609,620,,638,,649,,700,,709,,720,729,,,740,746,749,,,759,804,810,,,819,824,829,,,839,844,849,,,901,,,909,,921,,929,,,941,,950,,1002,,,1010,,1021,,1029,,,1041,,1049,,1101,,1110,,1121,,1129,,1141,1149,,,1201,1209,,,1221,1229,,1241,,1249,,1301,1309,,,1321,1329,,1341,,1349,,1401,1409,,,1421,1429,,1441,,1449,,1501,1509,,,1521,1529,,1541,,1549,,1601,1609,,,1621,1629,,1641,,1649,,1701,,1709,,1721,,1729,,1741,,1749,,1801,,1809,,1820,1825,,1831,,1842,,1849,,1900,1904,1909,,,1921,,1929,,1941,,1949,,2001,,2009,,2021,2029,,,2041,2049,,,2100,2106,,2110,,2121,,2129,,2141,,2149,,2201,,2209,,2219,,2227,,2239,2250,,,2303,,2316,2329,,2339,,2351,0,9,,21,,,,,,,,,,,,,,,,,,,,,,,,,,,,,,,,,,,,,,,,,,,,,,,,,,,,,,,,,,,,,,,,,,,,,,,,,,,,,,,,,,,,,,,,,,,,,,,,,,,,,,,,,,,,,,,,,,,,,,,,,,,,,,,,,,,,,,,,,,,,,,,,,,,,,,,,,,,,,,,,,,,,,,,,,,,,,,,,,,,,,,,,,,,,,,,,,,,,,,,,,,,,,,,,,,,,,,,,,,,,,,,,,,,,,,,,,,,,,,,,,,,,,,,,,,,,,,,,,,,,,,,,,,,,,,,,,,,,,,,,,,,,,,,,,,,,,,,,,,,,,,,,,,,,,,,,,,,,,,,,,,,,,,,,,,,,,,,,,,,,,,,
戸田,発,,,,,519,531,547,,558,610,621,レ631,639,,650,レ653,701,,710,レ713,721,730,レ733,,741,747,750,レ753,,800,805,811,レ814,,820,825,830,レ833,,840,845,850,,レ853,902,,,910,レ914,922,,930,レ934,,942,,951,レ954,1003,,,1011,レ1014,1022,,1030,レ1034,,1042,,1050,レ1054,1102,,1111,レ1114,1122,,1130,レ1134,1142,1150,レ1154,,1202,1210,レ1214,,1222,1230,レ1234,1242,,1250,レ1254,1302,1310,レ1314,,1322,1330,レ1334,1342,,1350,レ1354,1402,1410,レ1414,,1422,1430,レ1434,1442,,1450,レ1454,1502,1510,レ1514,,1522,1530,レ1534,1542,,1550,レ1554,1602,1610,レ1615,,1622,1630,レ1634,1642,,1650,レ1654,1702,,1710,レ1714,1722,,1730,レ1734,1742,,1750,レ1754,1802,,1810,レ1815,1821,1826,,1832,レ1836,1843,,1850,レ1854,1901,1905,1910,,レ1914,1922,,1930,レ1934,1942,,1950,レ1954,2002,,2010,レ2014,2022,2030,,レ2034,2042,2050,,レ2055,2101,2107,,2111,レ2114,2122,,2130,レ2134,2142,,2150,レ2154,2202,,2210,レ2214,2220,,2228,レ2234,2240,2251,,,2304,,2317,2330,,2340,,2352,2401,2410,,2422,,,,,,,,,,,,,,,,,,,,,,,,,,,,,,,,,,,,,,,,,,,,,,,,,,,,,,,,,,,,,,,,,,,,,,,,,,,,,,,,,,,,,,,,,,,,,,,,,,,,,,,,,,,,,,,,,,,,,,,,,,,,,,,,,,,,,,,,,,,,,,,,,,,,,,,,,,,,,,,,,,,,,,,,,,,,,,,,,,,,,,,,,,,,,,,,,,,,,,,,,,,,,,,,,,,,,,,,,,,,,,,,,,,,,,,,,,,,,,,,,,,,,,,,,,,,,,,,,,,,,,,,,,,,,,,,,,,,,,,,,,,,,,,,,,,,,,,,,,,,,,,,,,,,,,,,,,,,,,,,,,,,,,,,,,,,,,,,,,,,,,,
北戸田,着,,,,,520,532,548,,559,611,622,,640,,651,,702,,711,,722,731,,,742,748,751,,,801,806,812,,,821,826,831,,,841,846,851,,,903,,,911,,923,,931,,,943,,952,,1004,,,1012,,1023,,1031,,,1043,,1051,,1103,,1112,,1123,,1131,,1143,1151,,,1203,1211,,,1223,1231,,1243,,1251,,1303,1311,,,1323,1331,,1343,,1351,,1403,1411,,,1423,1431,,1443,,1451,,1503,1511,,,1523,1531,,1543,,1551,,1603,1611,,,1623,1631,,1643,,1651,,1703,,1711,,1723,,1731,,1743,,1751,,1803,,1811,,1822,1827,,1833,,1844,,1851,,1902,1906,1911,,,1923,,1931,,1943,,1951,,2003,,2011,,2023,2031,,,2043,2051,,,2102,2108,,2112,,2123,,2131,,2143,,2151,,2203,,2211,,2221,,2229,,2241,2252,,,2305,,2318,2331,,2341,,2353,2,11,,23,,,,,,,,,,,,,,,,,,,,,,,,,,,,,,,,,,,,,,,,,,,,,,,,,,,,,,,,,,,,,,,,,,,,,,,,,,,,,,,,,,,,,,,,,,,,,,,,,,,,,,,,,,,,,,,,,,,,,,,,,,,,,,,,,,,,,,,,,,,,,,,,,,,,,,,,,,,,,,,,,,,,,,,,,,,,,,,,,,,,,,,,,,,,,,,,,,,,,,,,,,,,,,,,,,,,,,,,,,,,,,,,,,,,,,,,,,,,,,,,,,,,,,,,,,,,,,,,,,,,,,,,,,,,,,,,,,,,,,,,,,,,,,,,,,,,,,,,,,,,,,,,,,,,,,,,,,,,,,,,,,,,,,,,,,,,,,,,,,,,,,,
北戸田,発,,,,,521,533,549,,600,612,623,レ632,641,,652,レ654,703,,712,レ714,723,732,レ734,,743,749,752,レ754,,802,807,813,レ815,,822,827,832,レ834,,842,847,852,,レ854,904,,,912,レ915,924,,932,レ935,,944,,953,レ955,1005,,,1013,レ1015,1024,,1032,レ1035,,1044,,1052,レ1055,1104,,1113,レ1115,1124,,1132,レ1135,1144,1152,レ1155,,1204,1212,レ1215,,1224,1232,レ1235,1244,,1252,レ1255,1304,1312,レ1315,,1324,1332,レ1335,1344,,1352,レ1355,1404,1412,レ1415,,1424,1432,レ1435,1444,,1452,レ1455,1504,1512,レ1515,,1524,1532,レ1535,1544,,1552,レ1555,1604,1612,レ1616,,1624,1632,レ1635,1644,,1652,レ1655,1704,,1712,レ1715,1724,,1732,レ1735,1744,,1752,レ1755,1804,,1812,レ1816,1823,1828,,1834,レ1837,1845,,1852,レ1855,1903,1907,1912,,レ1915,1924,,1932,レ1935,1944,,1952,レ1955,2004,,2012,レ2015,2024,2032,,レ2035,2044,2052,,レ2056,2103,2109,,2113,レ2115,2124,,2132,レ2135,2144,,2152,レ2155,2204,,2212,レ2215,2222,,2230,レ2235,2242,2253,,,2306,,2319,2332,,2342,,2354,2403,2412,,2424,,,,,,,,,,,,,,,,,,,,,,,,,,,,,,,,,,,,,,,,,,,,,,,,,,,,,,,,,,,,,,,,,,,,,,,,,,,,,,,,,,,,,,,,,,,,,,,,,,,,,,,,,,,,,,,,,,,,,,,,,,,,,,,,,,,,,,,,,,,,,,,,,,,,,,,,,,,,,,,,,,,,,,,,,,,,,,,,,,,,,,,,,,,,,,,,,,,,,,,,,,,,,,,,,,,,,,,,,,,,,,,,,,,,,,,,,,,,,,,,,,,,,,,,,,,,,,,,,,,,,,,,,,,,,,,,,,,,,,,,,,,,,,,,,,,,,,,,,,,,,,,,,,,,,,,,,,,,,,,,,,,,,,,,,,,,,,,,,,,,,,,
武蔵浦和,着,,,,,524,536,552,,603,615,626,634,644,,655,656,706,,715,716,726,735,736,,746,752,756,756,,805,810,816,817,,825,830,836,836,,845,850,856,,856,907,,,916,917,927,,936,937,,947,,956,957,1008,,,1016,1017,1027,,1036,1037,,1047,,1056,1057,1107,,1116,1117,1127,,1136,1137,1147,1156,1157,,1207,1216,1217,,1227,1236,1237,1247,,1256,1257,1307,1316,1317,,1327,1336,1337,1347,,1356,1357,1407,1416,1417,,1427,1436,1437,1447,,1456,1457,1507,1516,1517,,1527,1536,1537,1547,,1556,1557,1607,1616,1618,,1627,1636,1637,1647,,1656,1657,1707,,1716,1717,1727,,1736,1737,1747,,1756,1757,1807,,1816,1818,1826,1831,,1838,1839,1848,,1856,1857,1906,1910,1916,,1917,1927,,1936,1937,1947,,1956,1957,2007,,2015,2017,2027,2036,,2037,2047,2056,,2058,2106,2112,,2116,2117,2127,,2136,2137,2147,,2156,2157,2207,,2216,2217,2225,,2233,2237,2245,2256,,,2309,,2322,2335,,2345,,2357,6,15,,27,,,,,,,,,,,,,,,,,,,,,,,,,,,,,,,,,,,,,,,,,,,,,,,,,,,,,,,,,,,,,,,,,,,,,,,,,,,,,,,,,,,,,,,,,,,,,,,,,,,,,,,,,,,,,,,,,,,,,,,,,,,,,,,,,,,,,,,,,,,,,,,,,,,,,,,,,,,,,,,,,,,,,,,,,,,,,,,,,,,,,,,,,,,,,,,,,,,,,,,,,,,,,,,,,,,,,,,,,,,,,,,,,,,,,,,,,,,,,,,,,,,,,,,,,,,,,,,,,,,,,,,,,,,,,,,,,,,,,,,,,,,,,,,,,,,,,,,,,,,,,,,,,,,,,,,,,,,,,,,,,,,,,,,,,,,,,,,,,,,,,,,
武蔵浦和,発,,,,,524,537,553,,604,616,626,635,645,,,657,707,,,717,727,,737,,745,752,,758,,805,811,,818,,825,831,,838,,845,851,,,858,907,,,,918,928,,,938,,947,,,958,1008,,,,1018,1027,,,1038,,1048,,,1058,1107,,,1118,1128,,,1138,1147,,1158,,1208,,1218,,1227,,1238,1248,,,1258,1307,,1318,,1328,,1338,1347,,,1358,1408,,1418,,1427,,1438,1448,,,1458,1507,,1518,,1528,,1538,1547,,,1558,1608,,1619,,1627,,1638,1648,,,1658,1707,,,1718,1728,,,1738,1747,,,1758,1808,,,1819,1826,1832,,,1840,1848,,,1858,1906,1912,,,1918,1928,,,1938,1948,,,1958,2007,,,2018,2028,,,2038,2047,,,2059,2106,2112,,,2118,2128,,,2138,2147,,,2158,2208,,,2218,2225,,2233,2238,2245,2256,,,2309,,2322,2334,,2345,,2357,2406,2415,,2427,,,,,,,,,,,,,,,,,,,,,,,,,,,,,,,,,,,,,,,,,,,,,,,,,,,,,,,,,,,,,,,,,,,,,,,,,,,,,,,,,,,,,,,,,,,,,,,,,,,,,,,,,,,,,,,,,,,,,,,,,,,,,,,,,,,,,,,,,,,,,,,,,,,,,,,,,,,,,,,,,,,,,,,,,,,,,,,,,,,,,,,,,,,,,,,,,,,,,,,,,,,,,,,,,,,,,,,,,,,,,,,,,,,,,,,,,,,,,,,,,,,,,,,,,,,,,,,,,,,,,,,,,,,,,,,,,,,,,,,,,,,,,,,,,,,,,,,,,,,,,,,,,,,,,,,,,,,,,,,,,,,,,,,,,,,,,,,,,,,,,,,
中浦和,着,,,,,525,538,554,,605,617,627,636,646,,,658,708,,,718,728,,738,,746,753,,759,,806,812,,819,,826,832,,839,,846,852,,,859,908,,,,919,929,,,939,,948,,,959,1009,,,,1019,1028,,,1039,,1049,,,1059,1108,,,1119,1129,,,1139,1148,,1159,,1209,,1219,,1228,,1239,1249,,,1259,1308,,1319,,1329,,1339,1348,,,1359,1409,,1419,,1428,,1439,1449,,,1459,1508,,1519,,1529,,1539,1548,,,1559,1609,,1620,,1628,,1639,1649,,,1659,1708,,,1719,1729,,,1739,1748,,,1759,1809,,,1820,1827,1833,,,1841,1849,,,1859,1907,1913,,,1919,1929,,,1939,1949,,,1959,2008,,,2019,2029,,,2039,2048,,,2100,2107,2113,,,2119,2129,,,2139,2148,,,2159,2209,,,2219,2226,,2234,2239,2246,2257,,,2310,,2323,2335,,2346,,2358,7,16,,28,,,,,,,,,,,,,,,,,,,,,,,,,,,,,,,,,,,,,,,,,,,,,,,,,,,,,,,,,,,,,,,,,,,,,,,,,,,,,,,,,,,,,,,,,,,,,,,,,,,,,,,,,,,,,,,,,,,,,,,,,,,,,,,,,,,,,,,,,,,,,,,,,,,,,,,,,,,,,,,,,,,,,,,,,,,,,,,,,,,,,,,,,,,,,,,,,,,,,,,,,,,,,,,,,,,,,,,,,,,,,,,,,,,,,,,,,,,,,,,,,,,,,,,,,,,,,,,,,,,,,,,,,,,,,,,,,,,,,,,,,,,,,,,,,,,,,,,,,,,,,,,,,,,,,,,,,,,,,,,,,,,,,,,,,,,,,,,,,,,,,,,
中浦和,発,,,,,526,539,555,,606,618,628,637,647,,,659,709,,,719,729,,739,,747,754,,800,,807,813,,820,,827,833,,840,,847,853,,,900,909,,,,920,930,,,940,,949,,,1000,1010,,,,1020,1029,,,1040,,1050,,,1100,1109,,,1120,1130,,,1140,1149,,1200,,1210,,1220,,1229,,1240,1250,,,1300,1309,,1320,,1330,,1340,1349,,,1400,1410,,1420,,1429,,1440,1450,,,1500,1509,,1520,,1530,,1540,1549,,,1600,1610,,1621,,1629,,1640,1650,,,1700,1709,,,1720,1730,,,1740,1749,,,1800,1810,,,1821,1828,1834,,,1842,1850,,,1900,1908,1914,,,1920,1930,,,1940,1950,,,2000,2009,,,2020,2030,,,2040,2049,,,2101,2108,2114,,,2120,2130,,,2140,2149,,,2200,2210,,,2220,2227,,2235,2240,2247,2258,,,2311,,2324,2336,,2347,,2359,2408,2417,,2429,,,,,,,,,,,,,,,,,,,,,,,,,,,,,,,,,,,,,,,,,,,,,,,,,,,,,,,,,,,,,,,,,,,,,,,,,,,,,,,,,,,,,,,,,,,,,,,,,,,,,,,,,,,,,,,,,,,,,,,,,,,,,,,,,,,,,,,,,,,,,,,,,,,,,,,,,,,,,,,,,,,,,,,,,,,,,,,,,,,,,,,,,,,,,,,,,,,,,,,,,,,,,,,,,,,,,,,,,,,,,,,,,,,,,,,,,,,,,,,,,,,,,,,,,,,,,,,,,,,,,,,,,,,,,,,,,,,,,,,,,,,,,,,,,,,,,,,,,,,,,,,,,,,,,,,,,,,,,,,,,,,,,,,,,,,,,,,,,,,,,,,
南与野,着,,,,,528,541,557,,608,620,630,639,649,,,701,711,,,721,731,,741,,749,756,,802,,809,815,,822,,829,835,,842,,849,855,,,902,911,,,,922,932,,,942,,951,,,1002,1012,,,,1022,1031,,,1042,,1052,,,1102,1111,,,1122,1132,,,1142,1151,,1202,,1212,,1222,,1231,,1242,1252,,,1302,1311,,1322,,1332,,1342,1351,,,1402,1412,,1422,,1431,,1442,1452,,,1502,1511,,1522,,1532,,1542,1551,,,1602,1612,,1623,,1631,,1642,1652,,,1702,1711,,,1722,1732,,,1742,1751,,,1802,1812,,,1823,1830,1836,,,1844,1852,,,1902,1910,1916,,,1922,1932,,,1942,1952,,,2002,2011,,,2022,2032,,,2042,2051,,,2103,2110,2116,,,2122,2132,,,2142,2151,,,2202,2212,,,2222,2229,,2237,2242,2249,2300,,,2313,,2326,2338,,2349,,1,10,19,,31,,,,,,,,,,,,,,,,,,,,,,,,,,,,,,,,,,,,,,,,,,,,,,,,,,,,,,,,,,,,,,,,,,,,,,,,,,,,,,,,,,,,,,,,,,,,,,,,,,,,,,,,,,,,,,,,,,,,,,,,,,,,,,,,,,,,,,,,,,,,,,,,,,,,,,,,,,,,,,,,,,,,,,,,,,,,,,,,,,,,,,,,,,,,,,,,,,,,,,,,,,,,,,,,,,,,,,,,,,,,,,,,,,,,,,,,,,,,,,,,,,,,,,,,,,,,,,,,,,,,,,,,,,,,,,,,,,,,,,,,,,,,,,,,,,,,,,,,,,,,,,,,,,,,,,,,,,,,,,,,,,,,,,,,,,,,,,,,,,,,,,,
南与野,発,,,,,528,542,557,,608,620,630,639,649,,,701,711,,,721,731,,741,,750,756,,802,,809,815,,822,,829,835,,842,,849,855,,,902,911,,,,922,932,,,942,,951,,,1002,1012,,,,1022,1031,,,1042,,1052,,,1102,1111,,,1122,1132,,,1143,1151,,1202,,1212,,1222,,1231,,1242,1252,,,1302,1311,,1322,,1332,,1342,1351,,,1402,1412,,1422,,1431,,1442,1452,,,1502,1511,,1522,,1532,,1542,1551,,,1602,1612,,1624,,1631,,1642,1652,,,1702,1711,,,1722,1732,,,1743,1751,,,1802,1812,,,1823,1830,1837,,,1844,1852,,,1902,1910,1916,,,1923,1932,,,1942,1952,,,2002,2011,,,2022,2032,,,2042,2051,,,2103,2110,2116,,,2122,2132,,,2142,2151,,,2202,2212,,,2222,2229,,2237,2242,2249,2300,,,2313,,2326,2339,,2350,,2401,2411,2419,,2431,,,,,,,,,,,,,,,,,,,,,,,,,,,,,,,,,,,,,,,,,,,,,,,,,,,,,,,,,,,,,,,,,,,,,,,,,,,,,,,,,,,,,,,,,,,,,,,,,,,,,,,,,,,,,,,,,,,,,,,,,,,,,,,,,,,,,,,,,,,,,,,,,,,,,,,,,,,,,,,,,,,,,,,,,,,,,,,,,,,,,,,,,,,,,,,,,,,,,,,,,,,,,,,,,,,,,,,,,,,,,,,,,,,,,,,,,,,,,,,,,,,,,,,,,,,,,,,,,,,,,,,,,,,,,,,,,,,,,,,,,,,,,,,,,,,,,,,,,,,,,,,,,,,,,,,,,,,,,,,,,,,,,,,,,,,,,,,,,,,,,,,
与野本町,着,,,,,530,544,559,,610,622,632,641,651,,,703,713,,,723,733,,743,,752,758,,804,,811,817,,824,,831,837,,844,,851,857,,,904,913,,,,924,934,,,944,,953,,,1004,1014,,,,1024,1033,,,1044,,1054,,,1104,1113,,,1124,1134,,,1145,1153,,1204,,1214,,1224,,1233,,1244,1254,,,1304,1313,,1324,,1334,,1344,1353,,,1404,1414,,1424,,1433,,1444,1454,,,1504,1513,,1524,,1534,,1544,1553,,,1604,1614,,1626,,1633,,1644,1654,,,1704,1713,,,1724,1734,,,1745,1753,,,1804,1814,,,1825,1832,1839,,,1846,1854,,,1904,1912,1918,,,1925,1934,,,1944,1954,,,2004,2013,,,2024,2034,,,2044,2053,,,2105,2112,2118,,,2124,2134,,,2144,2153,,,2204,2214,,,2224,2231,,2239,2244,2251,2302,,,2315,,2328,2341,,2352,,3,13,21,,33,,,,,,,,,,,,,,,,,,,,,,,,,,,,,,,,,,,,,,,,,,,,,,,,,,,,,,,,,,,,,,,,,,,,,,,,,,,,,,,,,,,,,,,,,,,,,,,,,,,,,,,,,,,,,,,,,,,,,,,,,,,,,,,,,,,,,,,,,,,,,,,,,,,,,,,,,,,,,,,,,,,,,,,,,,,,,,,,,,,,,,,,,,,,,,,,,,,,,,,,,,,,,,,,,,,,,,,,,,,,,,,,,,,,,,,,,,,,,,,,,,,,,,,,,,,,,,,,,,,,,,,,,,,,,,,,,,,,,,,,,,,,,,,,,,,,,,,,,,,,,,,,,,,,,,,,,,,,,,,,,,,,,,,,,,,,,,,,,,,,,,,
与野本町,発,,,,,530,544,559,,610,622,633,641,651,,,703,713,,,723,733,,743,,752,758,,804,,812,817,,824,,832,837,,844,,851,857,,,904,914,,,,924,934,,,944,,954,,,1004,1014,,,,1024,1034,,,1044,,1054,,,1104,1114,,,1124,1134,,,1145,1154,,1204,,1214,,1224,,1234,,1244,1254,,,1304,1314,,1324,,1334,,1344,1354,,,1404,1414,,1424,,1434,,1444,1454,,,1504,1514,,1524,,1534,,1544,1554,,,1604,1614,,1626,,1634,,1644,1654,,,1704,1714,,,1724,1734,,,1745,1754,,,1804,1814,,,1825,1832,1839,,,1846,1854,,,1904,1912,1918,,,1925,1934,,,1944,1954,,,2004,2014,,,2024,2034,,,2044,2054,,,2105,2112,2118,,,2124,2134,,,2144,2154,,,2204,2214,,,2224,2231,,2240,2244,2251,2302,,,2315,,2329,2341,,2352,,2403,2413,2421,,2434,,,,,,,,,,,,,,,,,,,,,,,,,,,,,,,,,,,,,,,,,,,,,,,,,,,,,,,,,,,,,,,,,,,,,,,,,,,,,,,,,,,,,,,,,,,,,,,,,,,,,,,,,,,,,,,,,,,,,,,,,,,,,,,,,,,,,,,,,,,,,,,,,,,,,,,,,,,,,,,,,,,,,,,,,,,,,,,,,,,,,,,,,,,,,,,,,,,,,,,,,,,,,,,,,,,,,,,,,,,,,,,,,,,,,,,,,,,,,,,,,,,,,,,,,,,,,,,,,,,,,,,,,,,,,,,,,,,,,,,,,,,,,,,,,,,,,,,,,,,,,,,,,,,,,,,,,,,,,,,,,,,,,,,,,,,,,,,,,,,,,,,
北与野,着,,,,,531,545,600,,611,623,634,642,652,,,704,714,,,724,734,,744,,753,759,,805,,813,818,,825,,833,838,,845,,852,858,,,905,915,,,,925,935,,,945,,955,,,1005,1015,,,,1025,1035,,,1045,,1055,,,1105,1115,,,1125,1135,,,1146,1155,,1205,,1215,,1225,,1235,,1245,1255,,,1305,1315,,1325,,1335,,1345,1355,,,1405,1415,,1425,,1435,,1445,1455,,,1505,1515,,1525,,1535,,1545,1555,,,1605,1615,,1627,,1635,,1645,1655,,,1705,1715,,,1725,1735,,,1746,1755,,,1805,1815,,,1826,1833,1840,,,1847,1855,,,1905,1913,1919,,,1926,1935,,,1945,1955,,,2005,2015,,,2025,2035,,,2045,2055,,,2106,2113,2119,,,2125,2135,,,2145,2155,,,2205,2215,,,2225,2232,,2241,2245,2252,2303,,,2316,,2330,2342,,2353,,4,14,22,,35,,,,,,,,,,,,,,,,,,,,,,,,,,,,,,,,,,,,,,,,,,,,,,,,,,,,,,,,,,,,,,,,,,,,,,,,,,,,,,,,,,,,,,,,,,,,,,,,,,,,,,,,,,,,,,,,,,,,,,,,,,,,,,,,,,,,,,,,,,,,,,,,,,,,,,,,,,,,,,,,,,,,,,,,,,,,,,,,,,,,,,,,,,,,,,,,,,,,,,,,,,,,,,,,,,,,,,,,,,,,,,,,,,,,,,,,,,,,,,,,,,,,,,,,,,,,,,,,,,,,,,,,,,,,,,,,,,,,,,,,,,,,,,,,,,,,,,,,,,,,,,,,,,,,,,,,,,,,,,,,,,,,,,,,,,,,,,,,,,,,,,,
北与野,発,,,,,532,546,601,,612,624,634,643,653,,,705,715,,,725,735,,745,,754,800,,806,,813,819,,826,,833,839,,846,,853,859,,,906,915,,,,926,936,,,946,,955,,,1006,1016,,,,1026,1035,,,1046,,1056,,,1106,1115,,,1126,1136,,,1147,1155,,1206,,1216,,1226,,1235,,1246,1256,,,1306,1315,,1326,,1336,,1346,1355,,,1406,1416,,1426,,1435,,1446,1456,,,1506,1515,,1526,,1536,,1546,1555,,,1606,1616,,1628,,1635,,1646,1656,,,1706,1715,,,1726,1736,,,1747,1755,,,1806,1816,,,1827,1834,1841,,,1848,1856,,,1906,1914,1920,,,1927,1936,,,1946,1956,,,2006,2015,,,2026,2036,,,2046,2055,,,2107,2114,2120,,,2126,2136,,,2146,2155,,,2206,2216,,,2226,2233,,2241,2246,2253,2304,,,2317,,2330,2343,,2354,,2405,2415,2423,,2435,,,,,,,,,,,,,,,,,,,,,,,,,,,,,,,,,,,,,,,,,,,,,,,,,,,,,,,,,,,,,,,,,,,,,,,,,,,,,,,,,,,,,,,,,,,,,,,,,,,,,,,,,,,,,,,,,,,,,,,,,,,,,,,,,,,,,,,,,,,,,,,,,,,,,,,,,,,,,,,,,,,,,,,,,,,,,,,,,,,,,,,,,,,,,,,,,,,,,,,,,,,,,,,,,,,,,,,,,,,,,,,,,,,,,,,,,,,,,,,,,,,,,,,,,,,,,,,,,,,,,,,,,,,,,,,,,,,,,,,,,,,,,,,,,,,,,,,,,,,,,,,,,,,,,,,,,,,,,,,,,,,,,,,,,,,,,,,,,,,,,,,
大宮,着,,,,,535,549,604,,616,627,638,646,657,,,708,719,,,728,739,,748,,757,804,,809,,817,823,,829,,837,843,,849,,857,903,,,909,919,,,,929,940,,,949,,959,,,1009,1020,,,,1029,1039,,,1049,,1100,,,1109,1119,,,1129,1140,,,1150,1159,,1209,,1220,,1229,,1239,,1249,1300,,,1309,1319,,1329,,1340,,1349,1359,,,1409,1420,,1429,,1439,,1449,1500,,,1509,1519,,1529,,1540,,1549,1559,,,1609,1620,,1631,,1639,,1649,1700,,,1709,1719,,,1729,1740,,,1750,1759,,,1809,1820,,,1830,1838,1844,,,1851,1900,,,1909,1918,1924,,,1930,1939,,,1949,2000,,,2009,2019,,,2029,2040,,,2049,2059,,,2110,2118,2124,,,2129,2140,,,2149,2159,,,2209,2220,,,2229,2237,,2245,2249,2257,2307,,,2321,,2333,2346,,2357,,8,2418,26,,2439,,,,,,,,,,,,,,,,,,,,,,,,,,,,,,,,,,,,,,,,,,,,,,,,,,,,,,,,,,,,,,,,,,,,,,,,,,,,,,,,,,,,,,,,,,,,,,,,,,,,,,,,,,,,,,,,,,,,,,,,,,,,,,,,,,,,,,,,,,,,,,,,,,,,,,,,,,,,,,,,,,,,,,,,,,,,,,,,,,,,,,,,,,,,,,,,,,,,,,,,,,,,,,,,,,,,,,,,,,,,,,,,,,,,,,,,,,,,,,,,,,,,,,,,,,,,,,,,,,,,,,,,,,,,,,,,,,,,,,,,,,,,,,,,,,,,,,,,,,,,,,,,,,,,,,,,,,,,,,,,,,,,,,,,,,,,,,,,,,,,,,,
大宮,発,,,,,536,,607,,,629,,649,,,,711,,,,731,,,751,,,,,811,,,,,831,,,,,851,,,,,,911,,,,,931,,,,951,,,,,1011,,,,,1031,,,,1051,,,,,1111,,,,1131,,,,1151,,,1211,,,,1231,,,,1251,,,,1311,,,1331,,,,1351,,,,1411,,,1431,,,,1451,,,,1511,,,1531,,,,1551,,,,1611,,,1631,,,,1651,,,,1711,,,,1731,,,,1751,,,,1811,,,,1831,,1845,,,1851,,,,1911,,,,,1931,1941,,,1951,,,,2011,,,,2031,,,,2051,,,,2111,,,,,2131,,,,2151,,,,2211,,,,2231,,,,2251,,2311,,,,,2335,2352,,,,2414,,2427,,,,,,,,,,,,,,,,,,,,,,,,,,,,,,,,,,,,,,,,,,,,,,,,,,,,,,,,,,,,,,,,,,,,,,,,,,,,,,,,,,,,,,,,,,,,,,,,,,,,,,,,,,,,,,,,,,,,,,,,,,,,,,,,,,,,,,,,,,,,,,,,,,,,,,,,,,,,,,,,,,,,,,,,,,,,,,,,,,,,,,,,,,,,,,,,,,,,,,,,,,,,,,,,,,,,,,,,,,,,,,,,,,,,,,,,,,,,,,,,,,,,,,,,,,,,,,,,,,,,,,,,,,,,,,,,,,,,,,,,,,,,,,,,,,,,,,,,,,,,,,,,,,,,,,,,,,,,,,,,,,,,,,,,,,,,,,,,,,,,,,,,,
日進,着,,,,,539,,610,,,632,,652,,,,714,,,,734,,,754,,,,,814,,,,,834,,,,,854,,,,,,914,,,,,934,,,,954,,,,,1014,,,,,1034,,,,1054,,,,,1114,,,,1134,,,,1154,,,1214,,,,1234,,,,1254,,,,1314,,,1334,,,,1354,,,,1414,,,1434,,,,1454,,,,1514,,,1534,,,,1554,,,,1614,,,1634,,,,1654,,,,1714,,,,1734,,,,1754,,,,1814,,,,1834,,1848,,,1854,,,,1914,,,,,1934,1944,,,1954,,,,2014,,,,2034,,,,2054,,,,2114,,,,,2134,,,,2154,,,,2214,,,,2234,,,,2254,,2314,,,,,2338,2355,,,,17,,30,,,,,,,,,,,,,,,,,,,,,,,,,,,,,,,,,,,,,,,,,,,,,,,,,,,,,,,,,,,,,,,,,,,,,,,,,,,,,,,,,,,,,,,,,,,,,,,,,,,,,,,,,,,,,,,,,,,,,,,,,,,,,,,,,,,,,,,,,,,,,,,,,,,,,,,,,,,,,,,,,,,,,,,,,,,,,,,,,,,,,,,,,,,,,,,,,,,,,,,,,,,,,,,,,,,,,,,,,,,,,,,,,,,,,,,,,,,,,,,,,,,,,,,,,,,,,,,,,,,,,,,,,,,,,,,,,,,,,,,,,,,,,,,,,,,,,,,,,,,,,,,,,,,,,,,,,,,,,,,,,,,,,,,,,,,,,,,,,,,,,,,,,
日進,発,,,,,541,,612,,,633,,654,,,,715,,,,735,,,755,,,,,815,,,,,835,,,,,855,,,,,,915,,,,,935,,,,955,,,,,1015,,,,,1035,,,,1055,,,,,1115,,,,1135,,,,1155,,,1215,,,,1235,,,,1255,,,,1315,,,1335,,,,1355,,,,1415,,,1435,,,,1455,,,,1515,,,1535,,,,1555,,,,1615,,,1635,,,,1655,,,,1715,,,,1735,,,,1755,,,,1815,,,,1835,,1849,,,1855,,,,1915,,,,,1935,1946,,,1955,,,,2015,,,,2035,,,,2055,,,,2115,,,,,2135,,,,2155,,,,2215,,,,2235,,,,2257,,2319,,,,,2342,2356,,,,2418,,2431,,,,,,,,,,,,,,,,,,,,,,,,,,,,,,,,,,,,,,,,,,,,,,,,,,,,,,,,,,,,,,,,,,,,,,,,,,,,,,,,,,,,,,,,,,,,,,,,,,,,,,,,,,,,,,,,,,,,,,,,,,,,,,,,,,,,,,,,,,,,,,,,,,,,,,,,,,,,,,,,,,,,,,,,,,,,,,,,,,,,,,,,,,,,,,,,,,,,,,,,,,,,,,,,,,,,,,,,,,,,,,,,,,,,,,,,,,,,,,,,,,,,,,,,,,,,,,,,,,,,,,,,,,,,,,,,,,,,,,,,,,,,,,,,,,,,,,,,,,,,,,,,,,,,,,,,,,,,,,,,,,,,,,,,,,,,,,,,,,,,,,,,,
西大宮,着,,,,,543,,614,,,635,,656,,,,717,,,,737,,,757,,,,,817,,,,,837,,,,,857,,,,,,917,,,,,937,,,,957,,,,,1017,,,,,1037,,,,1057,,,,,1117,,,,1137,,,,1157,,,1217,,,,1237,,,,1257,,,,1317,,,1337,,,,1357,,,,1417,,,1437,,,,1457,,,,1517,,,1537,,,,1557,,,,1617,,,1637,,,,1657,,,,1717,,,,1737,,,,1757,,,,1817,,,,1837,,1851,,,1857,,,,1917,,,,,1937,1948,,,1957,,,,2017,,,,2037,,,,2057,,,,2117,,,,,2137,,,,2157,,,,2217,,,,2237,,,,2259,,2321,,,,,2344,2358,,,,20,,33,,,,,,,,,,,,,,,,,,,,,,,,,,,,,,,,,,,,,,,,,,,,,,,,,,,,,,,,,,,,,,,,,,,,,,,,,,,,,,,,,,,,,,,,,,,,,,,,,,,,,,,,,,,,,,,,,,,,,,,,,,,,,,,,,,,,,,,,,,,,,,,,,,,,,,,,,,,,,,,,,,,,,,,,,,,,,,,,,,,,,,,,,,,,,,,,,,,,,,,,,,,,,,,,,,,,,,,,,,,,,,,,,,,,,,,,,,,,,,,,,,,,,,,,,,,,,,,,,,,,,,,,,,,,,,,,,,,,,,,,,,,,,,,,,,,,,,,,,,,,,,,,,,,,,,,,,,,,,,,,,,,,,,,,,,,,,,,,,,,,,,,,,
西大宮,発,,,,,545,,615,,,637,,657,,,,721,,,,741,,,801,,,,,821,,,,,841,,,,,901,,,,,,921,,,,,941,,,,1001,,,,,1021,,,,,1041,,,,1101,,,,,1121,,,,1141,,,,1201,,,1221,,,,1241,,,,1301,,,,1321,,,1341,,,,1401,,,,1421,,,1441,,,,1501,,,,1521,,,1541,,,,1601,,,,1621,,,1641,,,,1701,,,,1721,,,,1741,,,,1801,,,,1821,,,,1841,,1852,,,1901,,,,1921,,,,,1941,1949,,,2001,,,,2021,,,,2041,,,,2101,,,,2121,,,,,2141,,,,2201,,,,2218,,,,2238,,,,2300,,2322,,,,,2345,2359,,,,2421,,2434,,,,,,,,,,,,,,,,,,,,,,,,,,,,,,,,,,,,,,,,,,,,,,,,,,,,,,,,,,,,,,,,,,,,,,,,,,,,,,,,,,,,,,,,,,,,,,,,,,,,,,,,,,,,,,,,,,,,,,,,,,,,,,,,,,,,,,,,,,,,,,,,,,,,,,,,,,,,,,,,,,,,,,,,,,,,,,,,,,,,,,,,,,,,,,,,,,,,,,,,,,,,,,,,,,,,,,,,,,,,,,,,,,,,,,,,,,,,,,,,,,,,,,,,,,,,,,,,,,,,,,,,,,,,,,,,,,,,,,,,,,,,,,,,,,,,,,,,,,,,,,,,,,,,,,,,,,,,,,,,,,,,,,,,,,,,,,,,,,,,,,,,,
指扇,着,,,,,547,,617,,,639,,659,,,,723,,,,743,,,803,,,,,823,,,,,843,,,,,903,,,,,,923,,,,,943,,,,1003,,,,,1023,,,,,1043,,,,1103,,,,,1123,,,,1143,,,,1203,,,1223,,,,1243,,,,1303,,,,1323,,,1343,,,,1403,,,,1423,,,1443,,,,1503,,,,1523,,,1543,,,,1603,,,,1623,,,1643,,,,1703,,,,1723,,,,1743,,,,1803,,,,1823,,,,1843,,1854,,,1903,,,,1923,,,,,1943,1951,,,2003,,,,2023,,,,2043,,,,2103,,,,2123,,,,,2143,,,,2203,,,,2220,,,,2240,,,,2302,,2324,,,,,2347,1,,,,23,,36,,,,,,,,,,,,,,,,,,,,,,,,,,,,,,,,,,,,,,,,,,,,,,,,,,,,,,,,,,,,,,,,,,,,,,,,,,,,,,,,,,,,,,,,,,,,,,,,,,,,,,,,,,,,,,,,,,,,,,,,,,,,,,,,,,,,,,,,,,,,,,,,,,,,,,,,,,,,,,,,,,,,,,,,,,,,,,,,,,,,,,,,,,,,,,,,,,,,,,,,,,,,,,,,,,,,,,,,,,,,,,,,,,,,,,,,,,,,,,,,,,,,,,,,,,,,,,,,,,,,,,,,,,,,,,,,,,,,,,,,,,,,,,,,,,,,,,,,,,,,,,,,,,,,,,,,,,,,,,,,,,,,,,,,,,,,,,,,,,,,,,,,,
指扇,発,,,,,547,,618,,,640,,700,,,,723,,,,743,,,804,,,,,823,,,,,843,,,,,903,,,,,,923,,,,,943,,,,1003,,,,,1023,,,,,1043,,,,1103,,,,,1123,,,,1143,,,,1203,,,1223,,,,1243,,,,1305,,,,1323,,,1343,,,,1403,,,,1423,,,1443,,,,1503,,,,1523,,,1543,,,,1603,,,,1623,,,1643,,,,1703,,,,1723,,,,1743,,,,1803,,,,1823,,,,1843,,1855,,,1903,,,,1923,,,,,1943,1955,,,2003,,,,2023,,,,2043,,,,2103,,,,2123,,,,,2143,,,,2203,,,,2224,,,,2240,,,,2302,,2324,,,,,2347,1,,,,2423,,2437,,,,,,,,,,,,,,,,,,,,,,,,,,,,,,,,,,,,,,,,,,,,,,,,,,,,,,,,,,,,,,,,,,,,,,,,,,,,,,,,,,,,,,,,,,,,,,,,,,,,,,,,,,,,,,,,,,,,,,,,,,,,,,,,,,,,,,,,,,,,,,,,,,,,,,,,,,,,,,,,,,,,,,,,,,,,,,,,,,,,,,,,,,,,,,,,,,,,,,,,,,,,,,,,,,,,,,,,,,,,,,,,,,,,,,,,,,,,,,,,,,,,,,,,,,,,,,,,,,,,,,,,,,,,,,,,,,,,,,,,,,,,,,,,,,,,,,,,,,,,,,,,,,,,,,,,,,,,,,,,,,,,,,,,,,,,,,,,,,,,,,,,,
南古谷,着,,,,,551,,622,,,644,,704,,,,727,,,,747,,,808,,,,,827,,,,,847,,,,,907,,,,,,927,,,,,947,,,,1007,,,,,1027,,,,,1047,,,,1107,,,,,1127,,,,1147,,,,1207,,,1227,,,,1247,,,,1309,,,,1327,,,1347,,,,1407,,,,1427,,,1447,,,,1507,,,,1527,,,1547,,,,1607,,,,1627,,,1647,,,,1707,,,,1727,,,,1747,,,,1807,,,,1827,,,,1847,,1859,,,1907,,,,1927,,,,,1947,1959,,,2007,,,,2027,,,,2047,,,,2107,,,,2127,,,,,2147,,,,2207,,,,2228,,,,2244,,,,2306,,2328,,,,,2351,5,,,,27,,41,,,,,,,,,,,,,,,,,,,,,,,,,,,,,,,,,,,,,,,,,,,,,,,,,,,,,,,,,,,,,,,,,,,,,,,,,,,,,,,,,,,,,,,,,,,,,,,,,,,,,,,,,,,,,,,,,,,,,,,,,,,,,,,,,,,,,,,,,,,,,,,,,,,,,,,,,,,,,,,,,,,,,,,,,,,,,,,,,,,,,,,,,,,,,,,,,,,,,,,,,,,,,,,,,,,,,,,,,,,,,,,,,,,,,,,,,,,,,,,,,,,,,,,,,,,,,,,,,,,,,,,,,,,,,,,,,,,,,,,,,,,,,,,,,,,,,,,,,,,,,,,,,,,,,,,,,,,,,,,,,,,,,,,,,,,,,,,,,,,,,,,,,
南古谷,発,511,,,540,553,,624,630,,646,,708,,,,730,,,,754,,,813,,,,,831,,,,,850,,,,,910,,,,,,930,,,,,950,,,,1010,,,,,1030,,,,,1050,,,,1110,,,,,1130,,,,1150,,,,1210,,,1230,,,,1250,,,,1311,,,,1330,,,1350,,,,1410,,,,1430,,,1450,,,,1510,,,,1530,,,1550,,,,1610,,,,1630,,,1650,,,,1710,,,,1730,,,,1751,,,,1812,,,,1832,,,,1850,,1900,,,1910,,,,1930,,,,,1950,2000,,,2010,,,,2030,,,,2050,,,,2110,,,,2130,,,,,2150,,,,2209,,,,2229,,,,2246,,,,2308,,2331,,,,,2352,6,,,,2428,,2441,,,,,,,,,,,,,,,,,,,,,,,,,,,,,,,,,,,,,,,,,,,,,,,,,,,,,,,,,,,,,,,,,,,,,,,,,,,,,,,,,,,,,,,,,,,,,,,,,,,,,,,,,,,,,,,,,,,,,,,,,,,,,,,,,,,,,,,,,,,,,,,,,,,,,,,,,,,,,,,,,,,,,,,,,,,,,,,,,,,,,,,,,,,,,,,,,,,,,,,,,,,,,,,,,,,,,,,,,,,,,,,,,,,,,,,,,,,,,,,,,,,,,,,,,,,,,,,,,,,,,,,,,,,,,,,,,,,,,,,,,,,,,,,,,,,,,,,,,,,,,,,,,,,,,,,,,,,,,,,,,,,,,,,,,,,,,,,,,,,,,,,,,
川越,着,515,,,545,557,,629,634,,650,,712,,,,735,,,,758,,,818,,,,,836,,,,,855,,,,,915,,,,,,935,,,,,954,,,,1014,,,,,1034,,,,,1054,,,,1114,,,,,1134,,,,1154,,,,1214,,,1234,,,,1254,,,,1315,,,,1334,,,1354,,,,1414,,,,1434,,,1454,,,,1514,,,,1534,,,1555,,,,1615,,,,1635,,,1654,,,,1714,,,,1734,,,,1755,,,,1816,,,,1836,,,,1854,,1904,,,1914,,,,1934,,,,,1954,2004,,,2014,,,,2034,,,,2054,,,,2114,,,,2134,,,,,2154,,,,2213,,,,2233,,,,2250,,,,2312,,2335,,,,,2356,11,,,,2433,,2446,,,,,,,,,,,,,,,,,,,,,,,,,,,,,,,,,,,,,,,,,,,,,,,,,,,,,,,,,,,,,,,,,,,,,,,,,,,,,,,,,,,,,,,,,,,,,,,,,,,,,,,,,,,,,,,,,,,,,,,,,,,,,,,,,,,,,,,,,,,,,,,,,,,,,,,,,,,,,,,,,,,,,,,,,,,,,,,,,,,,,,,,,,,,,,,,,,,,,,,,,,,,,,,,,,,,,,,,,,,,,,,,,,,,,,,,,,,,,,,,,,,,,,,,,,,,,,,,,,,,,,,,,,,,,,,,,,,,,,,,,,,,,,,,,,,,,,,,,,,,,,,,,,,,,,,,,,,,,,,,,,,,,,,,,,,,,,,,,,,,,,,,,