列車番号,,440K,442K,450K,402K,400K,504K,506K,508K,590K,552K,221M,512K,510S,640K,514K,654K,648K,223M,644S,616K,620K,650K,618S,646K,225M,624K,622S,4600K,121M,752K,604K,642S,4756K,227M,626K,702S,714K,708K,4728K,229M,712K,706S,4744K,231M,730K,740K,790S,4850K,233M,862K,732K,848K,824K,736S,4734K,235M,810K,882S,858K,846K,4866K,237M,820S,852K,816K,860S,854K,123M,964K,886S,239M,988K,902K,918K,984S,980K,125M,924K,938S,904K,241M,1058K,968F,1086K,243M,1052K,1026F,1036K,245M,1062K,1012F,1124K,1180K,247M,1040F,1158K,1146K,249M,1148F,1152K,1104K,1182F,1262K,251M,1186K,1120F,1280K,1236K,253M,1264F,1246K,1224K,1284F,1304K,255M,1258K,1238F,1386K,1352K,257M,1388F,1336K,1362K,1326F,1424K,259M,1380K,1312F,1458K,1446K,261M,1432F,1452K,1404K,1448F,1562K,263M,1486K,1482F,1580K,1536K,265M,1568F,1546K,1524K,1564F,1604K,267M,1558K,1584F,269M,1686K,1652K,1620F,1636K,271M,1662K,1610K,1640F,1724K,127M,1670K,1626S,1780K,129M,1746K,1738S,1702K,1704K,1758K,131M,1732S,1736K,1742K,133M,1730K,1716S,1824K,1812K,1852K,135M,1882S,1808K,1810K,1870K,137M,1860S,1802K,1806K,1846K,273M,1864S,1936K,1986K,139M,1958K,1984S,1924K,1848K,1930K,141M,1968S,1908K,1988K,1952K,275M,1940S,2020K,2012K,2070K,143M,2026S,1962K,2004K,2132K,277M,2090S,2046K,2106K,145M,2036K,2042S,2158K,2182K,2124K,279M,2138S,2002K,2184K,2130K,2110S,2152K,281M,2120K,2264K,2270K,2212K,283M,2180K,2232K,285M,2286K,2236K,2260K,2324K,2268K,2340K,2404K,2326K,2412K,2474K
種別,,普通,普通,普通,普通,普通,普通,普通,普通,普通,普通,普通,普通,通勤快速,普通,普通,普通,普通,普通,通勤快速,普通,普通,普通,通勤快速,普通,普通,普通,通勤快速,普通,普通,普通,普通,通勤快速,普通,普通,普通,通勤快速,普通,普通,普通,普通,普通,通勤快速,普通,普通,普通,普通,通勤快速,普通,普通,普通,普通,普通,普通,通勤快速,普通,普通,普通,通勤快速,普通,普通,普通,普通,通勤快速,普通,普通,通勤快速,普通,普通,普通,通勤快速,普通,普通,普通,普通,通勤快速,普通,普通,普通,通勤快速,普通,普通,普通,快速,普通,普通,普通,快速,普通,普通,普通,快速,普通,普通,普通,快速,普通,普通,普通,快速,普通,普通,快速,普通,普通,普通,快速,普通,普通,普通,快速,普通,普通,快速,普通,普通,普通,快速,普通,普通,普通,快速,普通,普通,快速,普通,普通,普通,快速,普通,普通,普通,快速,普通,普通,快速,普通,普通,普通,快速,普通,普通,普通,快速,普通,普通,快速,普通,普通,普通,快速,普通,普通,普通,快速,普通,普通,普通,普通,快速,普通,普通,普通,通勤快速,普通,普通,普通,通勤快速,普通,普通,普通,普通,通勤快速,普通,普通,普通,普通,通勤快速,普通,普通,普通,普通,通勤快速,普通,普通,普通,普通,通勤快速,普通,普通,普通,普通,通勤快速,普通,普通,普通,普通,通勤快速,普通,普通,普通,普通,通勤快速,普通,普通,普通,普通,通勤快速,普通,普通,普通,普通,通勤快速,普通,普通,普通,普通,通勤快速,普通,普通,普通,普通,通勤快速,普通,普通,普通,普通,通勤快速,普通,普通,普通,通勤快速,普通,普通,普通,普通,普通,普通,普通,普通,普通,普通,普通,普通,普通,普通,普通,普通,普通,普通,普通,普通
列車名,,,,,,,,,,,,,,,,,,,,,,,,,,,,,,,,,,,,,,,,,,,,,,,,,,,,,,,,,,,,,,,,,,,,,,,,,,,,,,,,,,,,,,,,,,,,,,,,,,,,,,,,,,,,,,,,,,,,,,,,,,,,,,,,,,,,,,,,,,,,,,,,,,,,,,,,,,,,,,,,,,,,,,,,,,,,,,,,,,,,,,,,,,,,,,,,,,,,,,,,,,,,,,,,,,,,,,,,,,,,,,,,,,,,,,,,,,,,,,,,,,,,,,,,,,,,
始発駅,,赤羽,赤羽,大宮,指扇,川越,指扇,指扇,指扇,川越,大宮,新宿,南古谷,川越,大宮,指扇,大宮,池袋,新宿,川越,指扇,指扇,大宮,川越,武蔵浦和,新宿,指扇,川越,大宮,新宿,武蔵浦和,大宮,川越,大宮,新宿,指扇,川越,武蔵浦和,大宮,指扇,新宿,大宮,川越,武蔵浦和,新宿,指扇,大宮,川越,武蔵浦和,新宿,赤羽,指扇,大宮,武蔵浦和,川越,指扇,新宿,武蔵浦和,川越,大宮,大宮,赤羽,新宿,川越,大宮,武蔵浦和,川越,大宮,新宿,大宮,川越,新宿,武蔵浦和,赤羽,大宮,川越,大宮,新宿,大宮,川越,大宮,新宿,大宮,川越,武蔵浦和,新宿,大宮,川越,武蔵浦和,新宿,大宮,川越,武蔵浦和,大宮,新宿,川越,武蔵浦和,大宮,新宿,川越,武蔵浦和,大宮,川越,武蔵浦和,新宿,大宮,川越,武蔵浦和,大宮,新宿,川越,武蔵浦和,大宮,川越,武蔵浦和,新宿,大宮,川越,武蔵浦和,大宮,新宿,川越,武蔵浦和,大宮,川越,武蔵浦和,新宿,大宮,川越,武蔵浦和,大宮,新宿,川越,武蔵浦和,大宮,川越,武蔵浦和,新宿,大宮,川越,武蔵浦和,大宮,新宿,川越,武蔵浦和,大宮,川越,武蔵浦和,新宿,大宮,川越,新宿,武蔵浦和,大宮,川越,武蔵浦和,新宿,大宮,武蔵浦和,川越,武蔵浦和,新宿,指扇,川越,大宮,新宿,大宮,川越,指扇,大宮,大宮,新宿,川越,武蔵浦和,指扇,新宿,大宮,川越,武蔵浦和,大宮,大宮,新宿,川越,武蔵浦和,大宮,大宮,新宿,川越,武蔵浦和,大宮,大宮,新宿,川越,武蔵浦和,大宮,新宿,大宮,川越,武蔵浦和,川越,大宮,新宿,川越,武蔵浦和,大宮,大宮,新宿,川越,大宮,赤羽,大宮,新宿,川越,川越,大宮,赤羽,新宿,川越,大宮,赤羽,新宿,大宮,川越,大宮,赤羽,大宮,新宿,川越,川越,赤羽,大宮,川越,大宮,新宿,大宮,赤羽,大宮,赤羽,新宿,川越,大宮,新宿,川越,大宮,川越,大宮,川越,川越,赤羽,川越,赤羽,赤羽
終着駅,,池袋,池袋,池袋,池袋,新宿,新宿,新宿,新宿,新宿,新宿,海老名,新宿,新木場,新宿,新宿,新木場,新宿,海老名,新宿,新木場,新宿,新宿,新木場,新宿,海老名,新宿,新木場,新宿,海老名,新宿,新木場,新木場,新宿,海老名,新木場,新木場,新宿,新木場,新宿,海老名,新木場,新木場,新宿,海老名,新木場,新木場,新木場,新宿,海老名,新木場,新木場,新木場,新宿,新木場,新宿,海老名,新宿,新木場,新宿,新木場,新宿,海老名,新木場,新宿,新木場,新木場,新宿,海老名,新木場,新宿,海老名,新木場,新宿,新宿,新木場,新宿,海老名,新宿,新木場,新宿,海老名,新宿,新木場,新宿,海老名,新宿,新木場,新宿,海老名,新宿,新木場,新宿,新宿,海老名,新木場,新宿,新宿,海老名,新木場,新宿,新宿,新木場,新宿,海老名,新宿,新木場,新宿,新宿,海老名,新木場,新宿,新宿,新木場,新宿,海老名,新宿,新木場,新宿,新宿,海老名,新木場,新宿,新宿,新木場,新宿,海老名,新宿,新木場,新宿,新宿,海老名,新木場,新宿,新宿,新木場,新宿,海老名,新宿,新木場,新宿,新宿,海老名,新木場,新宿,新宿,新木場,新宿,海老名,新宿,新木場,海老名,新木場,新宿,新木場,新宿,海老名,新木場,新宿,新木場,新宿,海老名,新宿,新木場,新木場,海老名,新宿,新木場,新宿,新木場,新宿,海老名,新木場,新宿,新木場,海老名,新宿,新木場,新宿,新木場,新宿,海老名,新木場,新宿,新木場,新宿,海老名,新木場,新宿,新木場,新宿,海老名,新木場,新宿,新木場,海老名,新宿,新木場,新宿,新木場,新宿,海老名,新木場,新宿,新木場,新宿,海老名,新木場,新宿,新木場,新宿,海老名,新木場,新宿,新木場,新宿,海老名,新木場,新木場,新宿,海老名,新宿,新木場,新宿,新木場,新宿,海老名,新木場,新宿,新木場,新宿,新木場,新宿,海老名,新木場,新宿,新木場,新宿,海老名,新木場,新宿,海老名,新木場,新宿,大崎,新宿,新宿,新宿,池袋,池袋,池袋,池袋
川越,発,,,,,451,,,,524,,,,549,,,,,,609,,,,625,,,,636,,,,,650,,,,705,,,,,,720,,,,,737,,,,,,,753,,,,808,,,,,823,,,837,,,,855,,,,,912,,,,932,,,,950,,,,1005,,,,1028,,,,1045,,,,1105,,,1125,,,,1145,,,,1205,,,1225,,,,1245,,,,1305,,,1325,,,,1345,,,,1405,,,1425,,,,1445,,,,1505,,,1525,,,,1545,,,,1605,,,,,1625,,,,1645,,,,1705,,,,,1725,,,,,1745,,,,,1805,,,,,1825,,,,,1845,,,,,1905,,1854,,,1925,,,,,1945,,,,,2005,1954,,,,2025,,,,,2045,,,,,2105,2056,,,2125,,,,,,,,2145,,,2201,,2222,,2243,2304,,2326,,
南古谷,着,,,,,455,,,,528,,,,553,,,,,,613,,,,629,,,,640,,,,,654,,,,709,,,,,,724,,,,,741,,,,,,,757,,,,812,,,,,827,,,841,,,,859,,,,,916,,,,936,,,,954,,,,1009,,,,1032,,,,1049,,,,1109,,,1129,,,,1149,,,,1209,,,1229,,,,1249,,,,1309,,,1329,,,,1349,,,,1409,,,1429,,,,1449,,,,1509,,,1529,,,,1549,,,,1609,,,,,1629,,,,1649,,,,1709,,,,,1729,,,,,1749,,,,,1809,,,,,1829,,,,,1849,,,,,1909,,1858,,,1929,,,,,1949,,,,,2009,1958,,,,2029,,,,,2049,,,,,2109,2100,,,2129,,,,,,,,2149,,,2205,,2226,,2247,2308,,2330,,
南古谷,発,,,,,455,,,,529,,,541,557,,,,,,614,,,,630,,,,641,,,,,654,,,,710,,,,,,726,,,,,742,,,,,,,758,,,,813,,,,,828,,,842,,,,900,,,,,917,,,,937,,,,955,,,,1011,,,,1034,,,,1052,,,,1110,,,1130,,,,1150,,,,1210,,,1230,,,,1250,,,,1311,,,1330,,,,1350,,,,1410,,,1430,,,,1450,,,,1510,,,1530,,,,1550,,,,1610,,,,,1630,,,,1650,,,,1710,,,,,1730,,,,,1751,,,,,1810,,,,,1830,,,,,1850,,,,,1910,,1859,,,1930,,,,,1950,,,,,2010,1959,,,,2030,,,,,2050,,,,,2112,2101,,,2130,,,,,,,,2150,,,2206,,2227,,2248,2309,,2331,,
指扇,着,,,,,459,,,,533,,,545,601,,,,,,618,,,,634,,,,645,,,,,658,,,,714,,,,,,730,,,,,746,,,,,,,802,,,,817,,,,,832,,,846,,,,904,,,,,921,,,,941,,,,959,,,,1015,,,,1038,,,,1056,,,,1114,,,1134,,,,1154,,,,1214,,,1234,,,,1254,,,,1315,,,1334,,,,1354,,,,1414,,,1434,,,,1454,,,,1514,,,1534,,,,1554,,,,1614,,,,,1634,,,,1654,,,,1714,,,,,1734,,,,,1755,,,,,1814,,,,,1834,,,,,1854,,,,,1914,,1903,,,1934,,,,,1954,,,,,2014,2003,,,,2034,,,,,2054,,,,,2116,2105,,,2134,,,,,,,,2154,,,2210,,2231,,2252,2313,,2335,,
指扇,発,,,,449,500,508,516,525,533,,,547,601,,557,,,,619,605,614,,636,,,629,646,,,,,700,,,651,716,,,709,,,731,,,724,,747,,,,739,,,803,754,,,818,,,,,833,,,847,,,,905,,,,,921,,,,942,,,,1000,,,,1017,,,,1038,,,,1056,,,,1115,,,1135,,,,1155,,,,1215,,,1235,,,,1255,,,,1315,,,1335,,,,1355,,,,1415,,,1435,,,,1455,,,,1515,,,1535,,,,1555,,,,1615,,,,,1635,,,1644,1655,,,,1715,1707,,,,1735,,1727,,,1755,,,,,1815,,,,,1835,,,,,1855,,,,,1915,,1905,,,1935,,,,,1955,,,,,2015,2005,,,,2035,,,,,2055,,,,,2117,2106,,,2135,,,,,,,,2155,,,2215,,2235,,2254,2313,,2336,,
西大宮,着,,,,451,502,510,518,527,535,,,549,603,,559,,,,621,607,616,,638,,,631,648,,,,,702,,,653,718,,,711,,,733,,,726,,749,,,,741,,,805,756,,,820,,,,,835,,,849,,,,907,,,,,923,,,,944,,,,1002,,,,1019,,,,1040,,,,1058,,,,1117,,,1137,,,,1157,,,,1217,,,1237,,,,1257,,,,1317,,,1337,,,,1357,,,,1417,,,1437,,,,1457,,,,1517,,,1537,,,,1557,,,,1617,,,,,1637,,,1646,1657,,,,1717,1709,,,,1737,,1729,,,1757,,,,,1817,,,,,1837,,,,,1857,,,,,1917,,1907,,,1937,,,,,1957,,,,,2017,2007,,,,2037,,,,,2057,,,,,2119,2108,,,2137,,,,,,,,2157,,,2217,,2237,,2256,2315,,2338,,
西大宮,発,,,,451,502,511,519,528,536,,,550,604,,559,,,,622,612,617,,639,,,633,649,,,,,703,,,659,718,,,713,,,734,,,728,,750,,,,742,,,806,758,,,821,,,,,836,,,850,,,,908,,,,,925,,,,945,,,,1003,,,,1023,,,,1041,,,,1059,,,,1119,,,1139,,,,1159,,,,1219,,,1239,,,,1259,,,,1319,,,1339,,,,1359,,,,1419,,,1439,,,,1459,,,,1519,,,1539,,,,1559,,,,1619,,,,,1639,,,1647,1659,,,,1719,1709,,,,1739,,1729,,,1759,,,,,1819,,,,,1839,,,,,1859,,,,,1919,,1909,,,1939,,,,,1959,,,,,2019,2009,,,,2039,,,,,2059,,,,,2120,2109,,,2139,,,,,,,,2159,,,2219,,2239,,2259,2316,,2338,,
日進,着,,,,453,504,513,521,530,538,,,552,606,,601,,,,624,614,619,,641,,,635,651,,,,,705,,,701,720,,,715,,,736,,,730,,752,,,,744,,,808,800,,,823,,,,,838,,,852,,,,910,,,,,927,,,,947,,,,1005,,,,1025,,,,1043,,,,1101,,,,1121,,,1141,,,,1201,,,,1221,,,1241,,,,1301,,,,1321,,,1341,,,,1401,,,,1421,,,1441,,,,1501,,,,1521,,,1541,,,,1601,,,,1621,,,,,1641,,,1649,1701,,,,1721,1711,,,,1741,,1731,,,1801,,,,,1821,,,,,1841,,,,,1901,,,,,1921,,1911,,,1941,,,,,2001,,,,,2021,2011,,,,2041,,,,,2101,,,,,2122,2111,,,2141,,,,,,,,2201,,,2221,,2241,,2301,2318,,2340,,
日進,発,,,,454,505,514,522,531,539,,,553,607,,603,,,,626,616,621,,643,,,637,653,,,,,709,,,702,722,,,716,,,737,,,731,,754,,,,746,,,811,802,,,825,,,,,840,,,854,,,,911,,,,,929,,,,949,,,,1006,,,,1026,,,,1045,,,,1103,,,,1123,,,1143,,,,1203,,,,1223,,,1243,,,,1303,,,,1323,,,1343,,,,1403,,,,1423,,,1443,,,,1503,,,,1523,,,1543,,,,1603,,,,1623,,,,,1643,,,1650,1703,,,,1723,1712,,,,1743,,1733,,,1803,,,,,1823,,,,,1843,,,,,1903,,,,,1923,,1913,,,1943,,,,,2003,,,,,2023,2013,,,,2043,,,,,2103,,,,,2123,2112,,,2143,,,,,,,,2203,,,2223,,2243,,2303,2320,,2341,,
大宮,着,,,,457,508,517,525,534,542,,,556,610,,606,,,,629,619,624,,646,,,640,656,,,,,712,,,705,725,,,719,,,740,,,734,,757,,,,749,,,814,805,,,828,,,,,843,,,857,,,,914,,,,,932,,,,952,,,,1009,,,,1029,,,,1048,,,,1106,,,,1126,,,1146,,,,1206,,,,1226,,,1246,,,,1306,,,,1326,,,1346,,,,1406,,,,1426,,,1446,,,,1506,,,,1526,,,1546,,,,1606,,,,1626,,,,,1646,,,1653,1706,,,,1726,1715,,,,1746,,1736,,,1806,,,,,1826,,,,,1846,,,,,1906,,,,,1926,,1916,,,1946,,,,,2006,,,,,2026,2016,,,,2046,,,,,2106,,,,,2126,2115,,,2146,,,,,,,,2206,,,2226,,2246,,2306,2323,,2344,,
大宮,発,,,451,500,512,519,528,537,545,551,,558,614,603,607,616,,,632,621,625,633,648,,,641,700,650,,,656,716,705,,709,727,,718,722,,730,743,,,736,744,759,,,,752,801,,817,808,,,830,819,825,,,845,835,,859,849,,902,916,,,,917,935,929,,940,956,949,,1002,1011,,,1020,1031,,,1040,1049,,1100,,1109,,1119,,1129,,1139,1149,,,1159,1209,,1219,,1229,,1239,1249,,,1259,1309,,1319,,1329,,1339,1349,,,1359,1409,,1419,,1429,,1439,1449,,,1459,1509,,1519,,1529,,1539,1549,,,1559,1609,,,1619,1628,,,1636,,1648,,,1656,1710,1703,,1713,1730,1719,1723,1733,,1750,,1743,,1753,1810,,1803,1813,,1830,,1823,1833,,1850,,1843,1853,,1910,,1903,,1913,1930,,1923,1933,,1950,,1943,1953,,2010,2002,,2012,,2030,2022,2032,,,2050,2042,,,2052,2110,2102,,2112,,2130,2122,,2132,2150,2142,,2152,,2200,,,2210,2220,,2230,2240,2250,2300,2310,2324,,2346,,
北与野,着,,,454,503,515,522,531,540,548,554,,601,,606,610,619,,,,624,628,636,,,,644,,653,,,659,,708,,712,,,721,725,,733,,,,739,747,,,,,755,804,,,811,,,,822,828,,,,838,,,852,,905,,,,,920,,932,,943,,952,,1005,1014,,,1023,1034,,,1043,1052,,1103,,1112,,1122,,1132,,1142,1152,,,1202,1212,,1222,,1232,,1242,1252,,,1302,1312,,1322,,1332,,1342,1352,,,1402,1412,,1422,,1432,,1442,1452,,,1502,1512,,1522,,1532,,1542,1552,,,1602,1612,,,1622,1631,,,1639,,1651,,,1659,,1706,,1716,,1722,1726,1736,,,,1746,,1756,,,1806,1816,,,,1826,1836,,,,1846,1856,,,,1906,,1916,,,1926,1936,,,,1946,1956,,,2005,,2015,,,2025,2035,,,,2045,,,2055,,2105,,2115,,,2125,,2135,,2145,,2155,,2203,,,2213,2223,,2233,2243,2253,2303,2313,2327,,2349,,
北与野,発,,,454,502,514,522,530,540,547,554,,601,レ616,605,610,619,,,レ634,623,628,636,レ650,,,644,レ702,653,,,658,レ718,708,,712,レ729,,721,725,,733,レ745,,,739,747,レ801,,,,755,803,,レ819,811,,,レ832,822,828,,,レ847,837,,レ901,851,,905,レ918,,,,920,レ937,931,,943,レ958,952,,1005,1014,,,1023,1033,,,1043,1052,,1103,,1112,,1122,,1132,,1142,1152,,,1202,1212,,1222,,1232,,1242,1252,,,1302,1312,,1322,,1332,,1342,1352,,,1402,1412,,1422,,1432,,1442,1452,,,1502,1512,,1522,,1532,,1542,1552,,,1602,1612,,,1622,1630,,,1639,,1650,,,1658,レ1712,1705,,1715,レ1732,1722,1726,1735,,レ1752,,1745,,1755,レ1812,,1805,1815,,レ1832,,1825,1835,,レ1852,,1845,1855,,レ1912,,1905,,1915,レ1932,,1925,1935,,レ1952,,1945,1955,,レ2012,2005,,2015,,レ2032,2025,2035,,,レ2052,2045,,,2055,レ2112,2105,,2115,,レ2132,2125,,2135,レ2152,2145,,2155,,2203,,,2213,2223,,2233,2243,2253,2303,2313,2327,,2349,,
与野本町,着,,,455,503,515,523,531,541,548,555,,602,,606,611,620,,,,624,629,637,,,,645,,654,,,659,,709,,713,,,722,726,,734,,,,740,748,,,,,756,804,,,812,,,,823,829,,,,838,,,852,,906,,,,,921,,932,,944,,953,,1006,1015,,,1024,1034,,,1044,1053,,1104,,1113,,1123,,1133,,1143,1153,,,1203,1213,,1223,,1233,,1243,1253,,,1303,1313,,1323,,1333,,1343,1353,,,1403,1413,,1423,,1433,,1443,1453,,,1503,1513,,1523,,1533,,1543,1553,,,1603,1613,,,1623,1631,,,1640,,1651,,,1659,,1706,,1716,,1723,1727,1736,,,,1746,,1756,,,1806,1816,,,,1826,1836,,,,1846,1856,,,,1906,,1916,,,1926,1936,,,,1946,1956,,,2006,,2016,,,2026,2036,,,,2046,,,2056,,2106,,2116,,,2126,,2136,,2146,,2156,,2204,,,2214,2224,,2234,2244,2254,2304,2314,2328,,2350,,
与野本町,発,,,455,504,516,523,532,541,549,556,,602,レ617,607,612,620,,,レ635,625,630,638,レ651,,,646,レ703,655,,,700,レ719,710,,713,レ730,,722,727,,735,レ746,,,740,749,レ802,,,,756,805,,レ820,813,,,レ833,824,829,,,レ848,839,,レ902,853,,907,レ919,,,,922,レ938,933,,945,レ959,953,,1007,1015,,,1025,1035,,,1045,1054,,1105,,1114,,1124,,1134,,1144,1154,,,1204,1214,,1224,,1234,,1244,1254,,,1304,1314,,1324,,1334,,1344,1354,,,1404,1414,,1424,,1434,,1444,1454,,,1504,1514,,1524,,1534,,1544,1554,,,1604,1614,,,1624,1632,,,1640,,1652,,,1700,レ1713,1707,,1717,レ1733,1723,1728,1737,,レ1753,,1747,,1757,レ1813,,1807,1817,,レ1833,,1827,1837,,レ1853,,1847,1857,,レ1913,,1907,,1917,レ1933,,1927,1937,,レ1953,,1947,1957,,レ2013,2006,,2016,,レ2033,2026,2036,,,レ2053,2046,,,2056,レ2113,2106,,2116,,レ2133,2126,,2136,レ2153,2146,,2156,,2204,,,2214,2224,,2234,2244,2254,2304,2314,2328,,2350,,
南与野,着,,,457,506,518,525,534,543,551,558,,604,,609,614,622,,,,627,632,640,,,,648,,657,,,702,,712,,715,,,724,729,,737,,,,742,751,,,,,758,807,,,815,,,,826,831,,,,841,,,855,,909,,,,,924,,935,,947,,955,,1009,1017,,,1027,1037,,,1047,1056,,1107,,1116,,1126,,1136,,1146,1156,,,1206,1216,,1226,,1236,,1246,1256,,,1306,1316,,1326,,1336,,1346,1356,,,1406,1416,,1426,,1436,,1446,1456,,,1506,1516,,1526,,1536,,1546,1556,,,1606,1616,,,1626,1634,,,1642,,1654,,,1702,,1709,,1719,,1725,1730,1739,,,,1749,,1759,,,1809,1819,,,,1829,1839,,,,1849,1859,,,,1909,,1919,,,1929,1939,,,,1949,1959,,,2008,,2018,,,2028,2038,,,,2048,,,2058,,2108,,2118,,,2128,,2138,,2148,,2158,,2206,,,2216,2226,,2236,2246,2256,2306,2316,2330,,2352,,
南与野,発,,,458,506,518,526,534,544,551,558,,605,レ618,609,614,623,,,レ636,628,632,641,レ652,,,648,レ704,658,,,706,レ720,712,,716,レ731,,725,732,,738,レ747,,,743,751,レ803,,,,759,808,,レ821,815,,,レ834,826,835,,,レ849,842,,レ903,856,,909,レ920,,,,924,レ939,935,,947,レ1000,956,,1009,1018,,,1027,1037,,,1047,1056,,1107,,1116,,1126,,1136,,1146,1156,,,1206,1216,,1226,,1236,,1246,1256,,,1306,1316,,1326,,1336,,1346,1356,,,1406,1416,,1426,,1436,,1446,1456,,,1506,1516,,1526,,1536,,1546,1556,,,1606,1616,,,1626,1634,,,1643,,1654,,,1702,レ1714,1709,,1719,レ1734,1726,1730,1739,,レ1754,,1749,,1759,レ1814,,1809,1819,,レ1834,,1829,1839,,レ1854,,1849,1859,,レ1914,,1909,,1919,レ1934,,1929,1939,,レ1954,,1949,1959,,レ2014,2009,,2019,,レ2034,2029,2039,,,レ2054,2049,,,2059,レ2114,2109,,2119,,レ2134,2129,,2139,レ2154,2149,,2159,,2207,,,2217,2227,,2237,2247,2257,2307,2317,2331,,2353,,
中浦和,着,,,500,508,520,528,536,546,553,600,,607,,611,616,625,,,,630,634,643,,,,650,,700,,,708,,714,,718,,,727,734,,740,,,,745,753,,,,,801,810,,,817,,,,828,837,,,,844,,,858,,911,,,,,926,,937,,949,,958,,1011,1020,,,1029,1039,,,1049,1058,,1109,,1118,,1128,,1138,,1148,1158,,,1208,1218,,1228,,1238,,1248,1258,,,1308,1318,,1328,,1338,,1348,1358,,,1408,1418,,1428,,1438,,1448,1458,,,1508,1518,,1528,,1538,,1548,1558,,,1608,1618,,,1628,1636,,,1645,,1656,,,1704,,1711,,1721,,1728,1732,1741,,,,1751,,1801,,,1811,1821,,,,1831,1841,,,,1851,1901,,,,1911,,1921,,,1931,1941,,,,1951,2001,,,2011,,2021,,,2031,2041,,,,2051,,,2101,,2111,,2121,,,2131,,2141,,2151,,2201,,2209,,,2219,2229,,2239,2249,2259,2309,2319,2333,,2355,,
中浦和,発,,,500,508,520,528,536,546,553,600,,607,レ619,612,616,625,,,レ637,630,634,643,レ653,,,650,レ705,700,,,708,レ721,714,,718,レ732,,727,735,,740,レ748,,,745,753,レ804,,,,801,810,,レ822,817,,,レ835,828,837,,,レ850,844,,レ904,858,,911,レ921,,,,926,レ940,938,,949,レ1001,958,,1011,1020,,,1029,1039,,,1049,1058,,1109,,1118,,1128,,1138,,1148,1158,,,1208,1218,,1228,,1238,,1248,1258,,,1308,1318,,1328,,1338,,1348,1358,,,1408,1418,,1428,,1438,,1448,1458,,,1508,1518,,1528,,1538,,1548,1558,,,1608,1618,,,1628,1637,,,1645,,1657,,,1704,レ1715,1712,,1722,レ1735,1728,1732,1742,,レ1755,,1751,,1802,レ1815,,1812,1822,,レ1835,,1832,1842,,レ1855,,1852,1902,,レ1915,,1912,,1922,レ1935,,1931,1942,,レ1955,,1952,2002,,レ2015,2011,,2021,,レ2035,2031,2041,,,レ2055,2051,,,2101,レ2115,2111,,2121,,レ2135,2131,,2141,レ2155,2151,,2201,,2209,,,2219,2229,,2239,2249,2259,2309,2319,2333,,2355,,
武蔵浦和,着,,,501,509,521,529,537,547,554,601,,608,620,613,617,626,,,638,631,635,644,654,,,651,706,701,,,709,722,715,,719,733,,728,736,,741,749,,,746,754,805,,,,802,811,,823,818,,,836,829,838,,,851,845,,905,859,,912,922,,,,927,941,939,,950,1002,959,,1012,1021,,,1030,1040,,,1050,1059,,1110,,1119,,1129,,1139,,1149,1159,,,1209,1219,,1229,,1239,,1249,1259,,,1309,1319,,1329,,1339,,1349,1359,,,1409,1419,,1429,,1439,,1449,1459,,,1509,1519,,1529,,1539,,1549,1559,,,1609,1619,,,1629,1638,,,1646,,1658,,,1705,1716,1713,,1723,1736,1729,1733,1743,,1756,,1752,,1803,1816,,1813,1823,,1836,,1833,1843,,1856,,1853,1903,,1916,,1913,,1923,1936,,1932,1943,,1956,,1953,2003,,2016,2012,,2022,,2036,2032,2042,,,2056,2052,,,2102,2116,2112,,2122,,2136,2132,,2142,2156,2152,,2202,,2210,,,2220,2230,,2240,2250,2300,2310,2320,2334,,2356,,
武蔵浦和,発,,,502,510,522,530,538,548,556,602,,609,620,615,622,627,,,639,634,641,646,655,649,,656,707,702,,708,712,723,717,,724,734,728,735,739,,742,751,745,,752,756,806,800,,,809,813,815,825,820,,826,836,831,839,,,852,847,856,907,902,,914,923,,924,,931,942,943,,952,1002,1004,,1013,1022,1026,,1032,1041,1044,,1052,1101,1104,1112,,1121,1124,1132,,1141,1144,1152,1201,1204,,1212,1221,1224,1232,,1241,1244,1252,1301,1304,,1312,1321,1323,1332,,1340,1344,1352,1401,1404,,1412,1421,1424,1432,,1440,1444,1452,1501,1504,,1512,1521,1524,1532,,1541,1544,1552,1601,1604,,1612,1621,,1624,1632,1641,1642,,1648,1653,1659,1701,,1708,1718,1719,,1727,1737,1732,1740,1747,,1758,1754,1800,,1807,1817,1812,1821,1827,,1837,1832,1840,1847,,1857,1852,1900,1907,,1917,1912,1920,,1927,1937,1932,1940,1947,,1957,1952,2000,2007,,2017,2013,,2025,,2037,2033,2044,,,2057,2053,,,2105,2117,2113,,2125,,2137,2133,,2145,2157,2153,,2203,,2212,,,2222,2232,,2242,2252,2302,2312,2322,2335,,2357,,
北戸田,着,,,505,513,525,533,541,551,559,605,,612,,618,625,630,,,,637,644,649,,652,,659,,705,,711,715,,720,,727,,731,738,742,,745,,748,,755,759,,803,,,812,816,818,,823,,829,,834,842,,,,850,859,,905,,917,,,927,,934,,946,,955,,1007,,1016,,1029,,1035,,1047,,1055,,1107,1115,,,1127,1135,,,1147,1155,,1207,,1215,,1227,1235,,,1247,1255,,1307,,1315,,1326,1335,,,1347,1355,,1407,,1415,,1427,1435,,,1447,1455,,1507,,1515,,1527,1535,,,1547,1555,,1607,,1615,,,1627,1635,,1645,,1651,1656,,1704,,1711,,1722,,1730,,1735,1743,1750,,,1757,1803,,1810,,1815,1824,1830,,,1835,1843,1850,,,1855,1903,1910,,,1915,1923,,1930,,1935,1943,1950,,,1955,2003,2010,,,2016,,2028,,,2036,2047,,,,2056,,,2108,,2116,,2128,,,2136,,2148,,2156,,2206,,2215,,,2225,2235,,2245,2255,2305,2315,2325,2338,,0,,
北戸田,発,,,505,513,525,533,541,551,558,605,,612,レ622,617,625,630,,,レ641,637,644,649,レ657,652,,659,レ709,705,,712,715,レ725,720,,727,レ736,732,739,742,,745,レ753,748,,756,759,レ808,803,,,812,816,819,レ827,823,,830,レ838,834,842,,,レ854,850,859,レ909,904,,916,レ925,,928,,934,レ944,946,,955,レ1004,1007,,1016,レ1024,1029,,1034,レ1043,1047,,1054,レ1103,1107,1114,,レ1123,1127,1134,,レ1143,1147,1154,レ1203,1207,,1214,レ1223,1227,1234,,レ1243,1247,1254,レ1303,1307,,1314,レ1323,1326,1334,,レ1342,1347,1354,レ1403,1407,,1414,レ1423,1427,1434,,レ1442,1447,1454,レ1503,1507,,1514,レ1523,1527,1534,,レ1543,1547,1554,レ1603,1607,,1614,レ1623,,1627,1634,レ1643,1645,,1650,1655,レ1701,1704,,1711,レ1720,1722,,1729,レ1739,1734,1743,1749,,レ1800,1757,1803,,1809,レ1819,1816,1824,1829,,レ1839,1835,1843,1849,,レ1859,1855,1903,1909,,レ1919,1915,1923,,1929,レ1939,1935,1943,1949,,レ1959,1955,2003,2009,,レ2019,2015,,2028,,レ2039,2035,2046,,,レ2059,2055,,,2108,レ2119,2115,,2128,,レ2139,2135,,2148,レ2159,2155,,2205,,2214,,,2224,2234,,2244,2254,2304,2314,2324,2338,,2359,,
戸田,着,,,506,514,526,534,542,552,559,606,,613,,618,626,631,,,,638,645,650,,653,,700,,706,,713,716,,721,,728,,733,740,743,,746,,749,,757,800,,804,,,813,817,820,,824,,831,,835,843,,,,851,900,,905,,917,,,929,,935,,947,,956,,1008,,1017,,1030,,1035,,1048,,1055,,1108,1115,,,1128,1135,,,1148,1155,,1208,,1215,,1228,1235,,,1248,1255,,1308,,1315,,1327,1335,,,1348,1355,,1408,,1415,,1428,1435,,,1448,1455,,1508,,1515,,1528,1535,,,1548,1555,,1608,,1615,,,1628,1635,,1646,,1651,1656,,1705,,1712,,1723,,1730,,1735,1744,1750,,,1758,1804,,1810,,1817,1825,1830,,,1836,1844,1850,,,1856,1904,1910,,,1916,1924,,1930,,1936,1944,1950,,,1956,2004,2010,,,2016,,2029,,,2036,2047,,,,2056,,,2109,,2116,,2129,,,2136,,2149,,2156,,2206,,2215,,,2225,2235,,2245,2255,2305,2315,2325,2339,,0,,
戸田,発,,,506,515,527,535,543,553,600,607,,613,レ623,619,627,632,,,レ642,639,646,651,レ658,654,,702,レ710,707,,714,717,レ726,722,,729,レ737,734,741,744,,747,レ754,750,,758,801,レ809,806,,,814,818,821,レ828,825,,832,レ839,836,844,,,レ855,852,901,レ910,907,,918,レ926,,929,,936,レ945,948,,957,レ1005,1009,,1018,レ1025,1031,,1036,レ1044,1049,,1056,レ1104,1109,1116,,レ1124,1129,1136,,レ1144,1149,1156,レ1204,1209,,1216,レ1224,1229,1236,,レ1244,1249,1256,レ1304,1309,,1316,レ1324,1328,1336,,レ1343,1349,1356,レ1404,1409,,1416,レ1424,1429,1436,,レ1443,1449,1456,レ1504,1509,,1516,レ1524,1529,1536,,レ1544,1549,1556,レ1604,1609,,1616,レ1624,,1629,1636,レ1644,1647,,1652,1657,レ1702,1706,,1713,レ1721,1724,,1731,レ1740,1736,1745,1751,,レ1801,1759,1805,,1811,レ1820,1817,1826,1831,,レ1840,1837,1845,1851,,レ1900,1857,1905,1911,,レ1920,1917,1925,,1931,レ1940,1937,1945,1951,,レ2000,1957,2005,2011,,レ2020,2017,,2030,,レ2040,2037,2048,,,レ2100,2057,,,2110,レ2120,2117,,2130,,レ2140,2137,,2150,レ2200,2157,,2207,,2216,,,2226,2236,,2246,2256,2306,2316,2326,2339,,1,,
戸田公園,着,,,507,516,528,536,544,554,601,608,,614,,620,628,633,,,,640,647,652,,655,,703,,708,,715,718,,723,,730,,735,742,745,,748,,751,,759,802,,807,,,815,819,822,,826,,833,,837,845,,,,853,902,,908,,919,,,930,,937,,949,,958,,1010,,1019,1026,1032,,1037,1045,1050,,1057,1105,1110,1117,,1125,1130,1137,,1145,1150,1157,1205,1210,,1217,1225,1230,1237,,1245,1250,1257,1305,1310,,1317,1325,1329,1337,,1344,1350,1357,1405,1410,,1417,1425,1430,1437,,1444,1450,1457,1505,1510,,1517,1525,1530,1537,,1545,1550,1557,1605,1610,,1617,1625,,1630,1637,1645,1648,,1653,1658,1703,1707,,1714,,1725,,1732,,1737,1746,1752,,,1800,1806,,1812,,1818,1827,1832,,,1838,1846,1852,,,1858,1906,1912,,,1918,1926,,1932,,1938,1946,1952,,,1958,2006,2012,,,2018,,2031,,,2038,2049,,,,2058,,,2111,,2118,,2131,,,2138,,2151,,2158,,2208,,2217,,,2227,2237,,2247,2257,2307,2317,2327,2340,,2,,
戸田公園,発,,,509,517,529,537,545,555,603,609,,616,レ624,625,629,634,,,レ643,644,649,653,レ659,701,,704,レ711,712,,716,720,レ727,728,,732,レ738,739,743,746,,750,レ755,756,,800,803,レ810,811,,,817,820,823,レ829,830,,834,レ840,841,847,,,レ856,857,904,レ911,913,,921,レ927,,932,,938,レ946,950,,959,レ1006,1011,,1020,1027,1033,,1039,1046,1051,,1059,1106,1111,1119,,1126,1131,1139,,1146,1151,1159,1206,1211,,1219,1226,1231,1239,,1246,1251,1259,1306,1311,,1319,1326,1330,1339,,1345,1351,1359,1406,1411,,1419,1426,1431,1439,,1445,1451,1459,1506,1511,,1519,1526,1531,1539,,1546,1551,1559,1606,1611,,1619,1626,,1631,1639,1646,1650,,1655,1700,1704,1708,,1715,レ1722,1727,,1734,レ1741,1743,1748,1754,,レ1802,1803,1808,,1814,レ1821,1823,1829,1834,,レ1841,1843,1848,1854,,レ1901,1903,1908,1914,,レ1921,1923,1928,,1934,レ1941,1943,1948,1954,,レ2001,2003,2008,2014,,レ2021,2023,,2032,,レ2041,2043,2051,,,レ2101,2103,,,2112,レ2121,2123,,2132,,レ2141,2143,,2152,レ2201,2203,,2210,,2219,,,2229,2239,,2249,2259,2309,2319,2329,2342,,4,,
浮間舟渡,着,,,511,519,531,539,547,557,605,611,,618,,627,631,636,,,,646,651,655,,703,,706,,714,,718,722,,730,,734,,741,745,748,,752,,758,,802,805,,813,,,819,822,825,,832,,836,,843,849,,,,859,906,,915,,923,,,934,,940,,952,,1001,,1013,,1022,,1035,,1041,,1053,,1101,,1113,1121,,,1133,1141,,,1153,1201,,1213,,1221,,1233,1241,,,1253,1301,,1313,,1321,,1332,1341,,,1353,1401,,1413,,1421,,1433,1441,,,1453,1501,,1513,,1521,,1533,1541,,,1553,1601,,1613,,1621,,,1633,1641,,1652,,1657,1702,,1710,,1717,,1729,,1736,,1745,1750,1756,,,1805,1810,,1816,,1825,1831,1836,,,1845,1850,1856,,,1905,1910,1916,,,1925,1930,,1936,,1945,1950,1956,,,2005,2010,2016,,,2025,,2034,,,2045,2053,,,,2105,,,2114,,2125,,2134,,,2145,,2154,,2205,,2212,,2221,,,2231,2241,,2251,2301,2311,2321,2331,2344,,6,,
浮間舟渡,発,,,511,520,532,540,548,558,605,612,,618,レ626,627,632,637,,,レ645,647,652,656,レ701,704,,707,レ713,715,,719,723,レ729,731,,735,レ740,742,746,749,,753,レ757,759,,803,806,レ812,814,,,820,823,826,レ831,833,,837,レ842,844,850,,,レ858,900,907,レ913,916,,923,レ929,,934,,941,レ948,953,,1002,レ1008,1014,,1023,レ1029,1036,,1041,レ1048,1054,,1101,レ1108,1114,1121,,レ1128,1134,1141,,レ1148,1154,1201,レ1208,1214,,1221,レ1228,1234,1241,,レ1248,1254,1301,レ1308,1314,,1321,レ1328,1333,1341,,レ1347,1354,1401,レ1408,1414,,1421,レ1428,1434,1441,,レ1447,1454,1501,レ1508,1514,,1521,レ1528,1534,1541,,レ1548,1554,1601,レ1608,1614,,1621,レ1628,,1634,1641,レ1648,1652,,1657,1702,レ1706,1711,,1718,レ1724,1729,,1736,レ1743,1745,1750,1756,,レ1804,1806,1810,,1816,レ1823,1825,1831,1836,,レ1843,1845,1850,1856,,レ1903,1905,1910,1916,,レ1923,1925,1930,,1936,レ1943,1945,1950,1956,,レ2003,2005,2010,2016,,レ2023,2025,,2035,,レ2043,2045,2053,,,レ2103,2105,,,2115,レ2123,2125,,2135,,レ2143,2145,,2155,レ2203,2205,,2212,,2221,,,2231,2241,,2251,2301,2311,2321,2331,2344,,6,,
北赤羽,着,,,512,521,533,541,549,559,606,613,,619,,628,633,638,,,,648,653,657,,705,,708,,716,,720,724,,732,,736,,743,747,750,,754,,800,,804,807,,815,,,821,824,827,,834,,838,,845,851,,,,901,908,,917,,924,,,935,,942,,954,,1003,,1015,,1024,,1037,,1042,,1055,,1102,,1115,1122,,,1135,1142,,,1155,1202,,1215,,1222,,1235,1242,,,1255,1302,,1315,,1322,,1334,1342,,,1355,1402,,1415,,1422,,1435,1442,,,1455,1502,,1515,,1522,,1535,1542,,,1555,1602,,1615,,1622,,,1635,1642,,1653,,1658,1703,,1712,,1719,,1730,,1737,,1746,1751,1757,,,1807,1811,,1817,,1826,1832,1837,,,1846,1851,1857,,,1906,1911,1917,,,1926,1931,,1937,,1946,1951,1957,,,2006,2011,2017,,,2026,,2036,,,2046,2054,,,,2106,,,2116,,2126,,2136,,,2146,,2156,,2206,,2213,,2222,,,2232,2242,,2252,2302,2312,2322,2332,2345,,7,,
北赤羽,発,,,513,522,534,542,550,600,607,614,,620,レ627,629,634,639,,,レ646,649,654,659,レ702,706,,709,レ714,718,,722,725,レ730,733,,737,レ741,745,749,752,,755,レ758,801,,806,809,レ813,816,,,822,826,829,レ832,836,,840,レ843,847,852,,,レ859,903,909,レ914,918,,925,レ930,,936,,943,レ949,955,,1004,レ1009,1016,,1025,レ1030,1038,,1043,レ1049,1056,,1103,レ1109,1116,1123,,レ1129,1136,1143,,レ1149,1156,1203,レ1209,1216,,1223,レ1229,1236,1243,,レ1249,1256,1303,レ1309,1316,,1323,レ1329,1335,1343,,レ1348,1356,1403,レ1409,1416,,1423,レ1429,1436,1443,,レ1448,1456,1503,レ1509,1516,,1523,レ1529,1536,1543,,レ1549,1556,1603,レ1609,1616,,1623,レ1629,,1636,1643,レ1649,1654,,1659,1704,レ1707,1713,,1720,レ1725,1731,,1738,レ1744,1747,1752,1758,,レ1805,1808,1812,,1818,レ1824,1827,1833,1838,,レ1844,1847,1852,1858,,レ1904,1907,1912,1918,,レ1924,1927,1932,,1938,レ1944,1947,1952,1958,,レ2004,2007,2012,2018,,レ2024,2027,,2037,,レ2044,2047,2055,,,レ2104,2107,,,2117,レ2124,2127,,2137,,レ2144,2147,,2157,レ2204,2207,,2214,,2223,,,2233,2243,,2253,2303,2313,2323,2333,2346,,8,,
赤羽,着,,,514,523,535,543,551,601,608,615,,621,628,630,635,640,,,647,650,655,700,703,707,,710,715,719,,723,726,731,734,,738,742,746,750,753,,756,759,802,,807,810,814,817,,,823,827,830,833,837,,841,844,848,853,,,900,904,910,915,919,,926,931,,937,,944,950,956,,1005,1010,1017,,1026,1031,1039,,1044,1050,1057,,1104,1110,1117,1124,,1130,1137,1144,,1150,1157,1204,1210,1217,,1224,1230,1237,1244,,1250,1257,1304,1310,1317,,1324,1330,1336,1344,,1349,1357,1404,1410,1417,,1424,1430,1437,1444,,1449,1457,1504,1510,1517,,1524,1530,1537,1544,,1550,1557,1604,1610,1617,,1624,1630,,1637,1644,1650,1655,,1700,1705,1708,1714,,1721,1726,1732,,1739,1745,1748,1753,1759,,1806,1809,1813,,1819,1825,1828,1834,1839,,1845,1848,1853,1859,,1905,1908,1913,1919,,1925,1928,1933,,1939,1945,1948,1953,1959,,2005,2008,2013,2019,,2025,2028,,2038,,2045,2048,2056,,,2105,2108,,,2118,2125,2128,,2138,,2145,2148,,2158,2205,2208,,2215,,2224,,,2234,2244,,2254,2304,2314,2324,2334,2347,,9,,
赤羽,発,448,458,516,525,536,544,553,603,610,617,,623,629,632,637,641,,,649,653,657,702,706,709,,712,717,722,,725,729,733,737,,741,745,748,752,755,,758,801,805,,809,812,816,819,,822,826,829,832,836,839,,843,846,850,855,859,,902,907,912,917,922,,928,932,,939,942,947,953,959,,1006,1011,1019,,1027,1033,1040,,1046,1052,1058,,1106,1111,1118,1126,,1131,1138,1146,,1151,1158,1206,1211,1218,,1226,1232,1238,1246,,1251,1258,1306,1311,1318,,1326,1331,1338,1346,,1352,1358,1406,1411,1418,,1427,1431,1438,1446,,1450,1458,1506,1511,1518,,1526,1531,1538,1546,,1551,1558,1606,1611,1618,,1626,1631,,1639,1646,1651,1657,,1702,1707,1711,1715,,1722,1727,1736,,1742,1747,1751,1757,1802,,1807,1811,1815,,1822,1827,1832,1837,1842,,1847,1850,1856,1902,,1907,1912,1917,1922,,1927,1932,1936,,1942,1947,1951,1957,2002,,2007,2012,2015,2022,,2026,2032,2036,2042,,2047,2052,2058,2102,,2107,2111,2115,,2122,2127,2132,2137,2142,,2147,2152,2157,2202,2207,2212,,2217,2222,2227,2233,,2238,2247,,2257,2307,2317,2327,2337,2349,0,11,25,45
十条,着,450,500,518,527,538,546,555,605,612,619,,625,631,634,639,643,,,651,655,659,704,708,711,,714,719,724,,727,731,735,739,,743,747,750,754,757,,800,803,807,,811,814,818,821,,824,828,831,834,838,841,,845,848,852,857,901,,904,909,914,919,924,,930,934,,941,944,949,955,1001,,1008,1013,1021,,1029,1035,1042,,1048,1054,1100,,1108,1113,1120,1128,,1133,1140,1148,,1153,1200,1208,1213,1220,,1228,1234,1240,1248,,1253,1300,1308,1313,1320,,1328,1333,1340,1348,,1354,1400,1408,1413,1420,,1429,1433,1440,1448,,1452,1500,1508,1513,1520,,1528,1533,1540,1548,,1553,1600,1608,1613,1620,,1628,1633,,1641,1648,1653,1659,,1704,1709,1713,1717,,1724,1729,1738,,1744,1749,1753,1759,1804,,1809,1813,1817,,1824,1829,1834,1839,1844,,1849,1852,1858,1904,,1909,1914,1919,1924,,1929,1934,1938,,1944,1949,1953,1959,2004,,2009,2014,2017,2024,,2028,2034,2038,2044,,2049,2054,2100,2104,,2109,2113,2117,,2124,2129,2134,2139,2144,,2149,2154,2159,2204,2209,2214,,2219,2224,2229,2235,,2240,2249,,2259,2309,2319,2329,2339,2351,2,13,27,47
十条,発,450,501,518,528,539,547,555,606,613,619,,626,631,634,639,644,,,651,655,700,705,709,712,,715,720,724,,728,731,735,739,,743,747,751,754,758,,801,804,807,,811,815,818,822,,825,829,832,835,838,842,,845,849,853,858,902,,905,910,915,919,924,,931,935,,942,945,950,955,1001,,1009,1014,1021,,1030,1036,1043,,1048,1054,1101,,1108,1114,1121,1128,,1134,1141,1148,,1154,1201,1208,1214,1221,,1228,1234,1241,1248,,1254,1301,1309,1314,1321,,1328,1334,1340,1348,,1354,1401,1408,1414,1421,,1429,1434,1441,1448,,1453,1501,1508,1514,1521,,1528,1534,1541,1548,,1554,1601,1608,1614,1621,,1629,1634,,1642,1649,1654,1659,,1704,1709,1714,1718,,1725,1730,1738,,1744,1749,1754,1759,1804,,1809,1814,1817,,1824,1829,1834,1839,1844,,1849,1852,1858,1904,,1909,1914,1919,1924,,1929,1934,1938,,1944,1949,1954,1959,2004,,2009,2014,2018,2024,,2029,2034,2039,2044,,2049,2054,2100,2104,,2109,2113,2117,,2124,2129,2134,2139,2144,,2149,2154,2159,2204,2209,2214,,2219,2224,2229,2236,,2240,2249,,2259,2309,2319,2329,2339,2351,3,13,28,48
板橋,着,451,502,519,529,540,548,556,607,614,620,,627,632,635,640,645,,,652,656,701,706,710,713,,716,721,725,,729,732,736,740,,744,748,752,755,759,,802,805,808,,812,816,819,823,,826,830,833,836,839,843,,846,850,854,859,903,,906,911,916,920,925,,932,936,,943,946,951,956,1002,,1010,1015,1022,,1031,1037,1044,,1049,1055,1102,,1109,1115,1122,1129,,1135,1142,1149,,1155,1202,1209,1215,1222,,1229,1235,1242,1249,,1255,1302,1310,1315,1322,,1329,1335,1341,1349,,1355,1402,1409,1415,1422,,1430,1435,1442,1449,,1454,1502,1509,1515,1522,,1529,1535,1542,1549,,1555,1602,1609,1615,1622,,1630,1635,,1643,1650,1655,1700,,1705,1710,1715,1719,,1726,1731,1739,,1745,1750,1755,1800,1805,,1810,1815,1818,,1825,1830,1835,1840,1845,,1850,1853,1859,1905,,1910,1915,1920,1925,,1930,1935,1939,,1945,1950,1955,2000,2005,,2010,2015,2019,2025,,2030,2035,2040,2045,,2050,2055,2101,2105,,2110,2114,2118,,2125,2130,2135,2140,2145,,2150,2155,2200,2205,2210,2215,,2220,2225,2230,2237,,2241,2250,,2300,2310,2320,2330,2340,2352,4,14,29,49
板橋,発,452,503,521,530,541,549,557,608,615,621,,628,634,637,642,646,,,654,658,703,708,712,715,,718,723,727,,731,734,739,743,,747,751,754,758,801,,804,807,810,,814,818,821,825,,828,832,835,838,842,845,,848,851,856,901,905,,908,913,917,922,927,,933,937,,944,947,952,958,1003,,1011,1016,1024,,1032,1038,1045,,1051,1056,1103,,1111,1116,1123,1131,,1136,1143,1151,,1156,1203,1211,1216,1223,,1231,1237,1243,1251,,1256,1303,1311,1316,1323,,1331,1336,1342,1351,,1356,1403,1411,1416,1423,,1432,1436,1443,1451,,1455,1503,1511,1516,1523,,1531,1536,1543,1551,,1556,1603,1611,1616,1623,,1631,1636,,1644,1651,1656,1702,,1707,1712,1716,1720,,1727,1732,1741,,1747,1752,1756,1802,1807,,1812,1816,1820,,1827,1832,1837,1842,1847,,1852,1855,1901,1907,,1912,1917,1922,1927,,1932,1937,1941,,1947,1952,1956,2002,2007,,2012,2017,2020,2027,,2031,2037,2041,2047,,2052,2057,2103,2107,,2112,2116,2120,,2127,2132,2137,2142,2147,,2152,2157,2202,2207,2212,2217,,2222,2227,2232,2238,,2243,2252,,2302,2312,2322,2332,2342,2354,5,16,30,50
池袋,着,457,507,525,535,543,551,559,610,617,623,,630,636,639,644,648,,,656,700,705,710,714,717,,720,725,729,,733,736,741,745,,749,753,756,800,803,,806,809,812,,816,820,823,827,,830,834,837,840,844,847,,850,853,858,903,907,,910,915,919,924,929,,935,939,,946,949,954,1000,1005,,1013,1018,1026,,1034,1040,1047,,1053,1058,1105,,1113,1118,1125,1133,,1138,1145,1153,,1158,1205,1213,1218,1225,,1233,1239,1245,1253,,1258,1305,1313,1318,1325,,1333,1338,1344,1353,,1358,1405,1413,1418,1425,,1434,1438,1445,1453,,1457,1505,1513,1518,1525,,1533,1538,1545,1553,,1558,1605,1613,1618,1625,,1633,1638,,1646,1653,1658,1704,,1709,1714,1718,1722,,1729,1734,1743,,1749,1754,1758,1804,1809,,1814,1818,1822,,1829,1834,1839,1844,1849,,1854,1857,1903,1909,,1914,1919,1924,1929,,1934,1939,1943,,1949,1954,1958,2004,2009,,2014,2019,2022,2029,,2033,2039,2043,2049,,2054,2059,2105,2109,,2114,2118,2122,,2129,2134,2139,2144,2149,,2154,2159,2204,2209,2214,2219,,2224,2229,2234,2240,,2245,2254,,2304,2314,2324,2334,2344,2356,9,20,34,54
池袋,発,,,,,544,553,601,612,619,625,,632,637,640,646,649,652,,658,703,706,712,715,718,,722,727,732,,734,739,742,747,,751,754,758,801,805,,808,810,815,,818,822,825,829,,832,836,839,841,846,849,,852,855,859,905,908,,912,917,921,927,931,,937,940,,948,951,958,1001,1007,,1017,1020,1027,,1036,1042,1048,,1056,1100,1107,,1115,1120,1127,1135,,1142,1147,1156,,1200,1207,1215,1220,1227,,1235,1244,1247,1255,,1300,1307,1315,1320,1327,,1335,1340,1346,1356,,1400,1407,1415,1420,1426,,1435,1441,1447,1455,,1459,1507,1515,1520,1526,,1535,1541,1547,1556,,1600,1607,1615,1621,1627,,1635,1641,,1649,1655,1700,1705,,1710,1715,1720,1723,,1732,1736,1744,,1752,1757,1800,1807,1810,,1816,1821,1823,,1832,1836,1841,1847,1850,,1856,1858,1906,1910,,1916,1921,1926,1930,,1935,1941,1944,,1951,1956,2000,2005,2011,,2016,2021,2024,2031,,2035,2040,2044,2051,,2056,2100,2106,2111,,2116,2120,2123,,2131,2135,2141,2146,2151,,2156,2200,2205,2210,2215,2221,,2226,2231,2238,2242,,2247,2256,,2305,2316,2325,2336,2346,2358,,,,
新宿,着,,,,,550,558,606,618,624,630,,637,642,646,652,654,658,,703,708,712,718,720,724,,727,732,737,,740,744,747,752,,756,759,804,806,811,,813,815,821,,823,827,830,835,,837,841,844,847,851,855,,857,900,905,910,914,,917,922,926,932,936,,942,946,,953,956,1004,1006,1012,,1022,1025,1033,,1041,1047,1054,,1102,1105,1112,,1121,1125,1132,1141,,1147,1152,1202,,1205,1212,1220,1225,1232,,1240,1249,1252,1301,,1305,1312,1321,1325,1332,,1341,1345,1351,1402,,1405,1412,1421,1425,1432,,1441,1446,1452,1501,,1504,1512,1521,1525,1532,,1540,1546,1552,1602,,1605,1612,1621,1626,1632,,1641,1646,,1654,1701,1705,1710,,1715,1720,1725,1729,,1738,1741,1749,,1758,1802,1806,1812,1816,,1821,1826,1828,,1837,1841,1846,1852,1855,,1901,1904,1911,1915,,1921,1926,1931,1936,,1940,1946,1949,,1957,2001,2005,2010,2016,,2021,2026,2029,2036,,2040,2046,2049,2056,,2101,2106,2111,2116,,2121,2125,2128,,2137,2140,2146,2151,2156,,2201,2206,2210,2215,2220,2226,,2231,2236,2243,2247,,2252,2301,,2310,2321,2330,2341,2351,3,,,,
新宿,発,,,,,,,,,,,631,,643,,,655,,658,,710,,,721,,725,,733,,740,,746,749,,754,757,800,,807,,812,815,817,,822,824,829,832,,836,838,843,846,,853,,856,,900,,911,,915,917,,927,933,,936,945,,957,953,,,1006,,1013,,1025,,1035,,1048,,1055,,1106,,1119,,1126,,,1141,1148,,,1202,1206,,,1226,,1232,,1250,,,1302,1305,,,1326,,1332,,1347,,,1402,1406,,,1426,,1432,,1448,,,1502,1506,,,1526,,1532,,1548,,,1602,1606,,,1627,,1632,,1648,1652,1656,,1706,,1712,1716,,1727,,1736,,1743,1750,1756,,1804,,1813,,1816,1823,,1829,1836,,1843,,1853,,1856,1903,,1911,,1916,1922,,1933,,1936,1942,,1950,1956,,2003,,2012,,2016,2024,,2030,,2036,2041,,2050,,2056,2103,,2112,,2116,2123,2127,,2136,,2141,,2152,,2156,2203,,2212,,2221,,2226,2232,,2246,,2251,2255,,2315,2312,,2331,,,,,,,
渋谷,着,,,,,,,,,,,635,,647,,,659,,702,,714,,,725,,729,,737,,744,,750,753,,758,801,804,,811,,816,819,821,,826,828,833,836,,840,842,847,850,,857,,900,,904,,915,,919,921,,931,937,,940,949,,1001,957,,,1010,,1017,,1029,,1039,,1052,,1059,,1110,,1123,,1130,,,1145,1152,,,1206,1210,,,1230,,1236,,1254,,,1306,1309,,,1330,,1336,,1351,,,1406,1410,,,1430,,1436,,1452,,,1506,1510,,,1530,,1536,,1552,,,1606,1610,,,1631,,1636,,1652,1656,1700,,1710,,1716,1720,,1731,,1740,,1747,1754,1800,,1808,,1817,,1820,1827,,1833,1840,,1847,,1857,,1900,1907,,1915,,1920,1926,,1937,,1940,1946,,1954,2000,,2007,,2016,,2020,2028,,2034,,2040,2045,,2054,,2100,2107,,2116,,2120,2127,2131,,2140,,2145,,2156,,2200,2207,,2216,,2225,,2230,2236,,2250,,2255,2259,,2319,2316,,2335,,,,,,,
渋谷,発,,,,,,,,,,,637,,647,,,659,,703,,715,,,726,,730,,738,,745,,750,753,,759,802,805,,812,,817,819,822,,827,829,834,836,,841,843,848,851,,857,,900,,905,,916,,920,922,,932,938,,942,949,,1001,958,,,1011,,1018,,1030,,1040,,1052,,1100,,1110,,1124,,1130,,,1146,1153,,,1207,1210,,,1230,,1237,,1255,,,1307,1310,,,1330,,1337,,1351,,,1407,1410,,,1430,,1437,,1452,,,1507,1510,,,1531,,1537,,1552,,,1607,1610,,,1631,,1638,,1652,1658,1701,,1710,,1718,1720,,1732,,1741,,1747,1755,1801,,1808,,1818,,1821,1827,,1834,1841,,1847,,1858,,1901,1907,,1916,,1921,1926,,1938,,1941,1947,,1955,2001,,2008,,2017,,2021,2028,,2034,,2041,2045,,2055,,2101,2107,,2117,,2121,2127,2131,,2141,,2146,,2157,,2201,2207,,2216,,2226,,2232,2237,,2251,,2256,2259,,2320,2316,,2336,,,,,,,
恵比寿,着,,,,,,,,,,,638,,648,,,700,,704,,716,,,727,,731,,739,,746,,751,754,,800,803,806,,813,,818,820,823,,828,830,835,837,,842,844,849,852,,858,,901,,906,,917,,921,923,,933,939,,943,950,,1002,959,,,1012,,1019,,1031,,1041,,1053,,1101,,1111,,1125,,1131,,,1147,1154,,,1208,1211,,,1231,,1238,,1256,,,1308,1311,,,1331,,1338,,1352,,,1408,1411,,,1431,,1438,,1453,,,1508,1511,,,1532,,1538,,1553,,,1608,1611,,,1632,,1639,,1653,1659,1702,,1711,,1719,1721,,1733,,1742,,1748,1756,1802,,1809,,1819,,1822,1828,,1835,1842,,1848,,1859,,1902,1908,,1917,,1922,1927,,1939,,1942,1948,,1956,2002,,2009,,2018,,2022,2029,,2035,,2042,2046,,2056,,2102,2108,,2118,,2122,2128,2132,,2142,,2147,,2158,,2202,2208,,2217,,2227,,2233,2238,,2252,,2257,2300,,2321,2317,,2337,,,,,,,
恵比寿,発,,,,,,,,,,,639,,650,,,702,,706,,717,,,728,,733,,740,,748,,753,756,,802,804,807,,815,,820,822,824,,829,831,837,839,,844,846,850,853,,900,,903,,908,,918,,922,925,,934,941,,944,951,,1004,1000,,,1013,,1020,,1032,,1042,,1055,,1103,,1113,,1127,,1133,,,1148,1155,,,1210,1213,,,1232,,1240,,1257,,,1310,1312,,,1333,,1340,,1353,,,1410,1413,,,1433,,1440,,1455,,,1510,1512,,,1533,,1540,,1555,,,1610,1613,,,1634,,1641,,1655,1701,1703,,1713,,1720,1722,,1734,,1744,,1749,1757,1804,,1810,,1820,,1823,1829,,1836,1843,,1849,,1900,,1903,1909,,1918,,1923,1929,,1940,,1943,1949,,1957,2004,,2010,,2019,,2023,2031,,2037,,2044,2048,,2057,,2103,2109,,2119,,2123,2130,2133,,2143,,2148,,2159,,2203,2209,,2218,,2228,,2234,2239,,2253,,2258,2301,,2322,2318,,2338,,,,,,,
大崎,着,,,,,,,,,,,643,,654,,,706,,709,,721,,,732,,737,,744,,751,,757,800,,806,808,811,,818,,823,826,828,,833,835,841,843,,847,850,854,857,,904,,907,,911,,922,,926,928,,938,944,,948,955,,1008,1004,,,1017,,1024,,1036,,1046,,1059,,1106,,1116,,1130,,1137,,,1152,1159,,,1214,1216,,,1236,,1244,,1301,,,1314,1316,,,1336,,1344,,1357,,,1414,1416,,,1436,,1444,,1459,,,1514,1516,,,1537,,1544,,1559,,,1614,1616,,,1637,,1645,,1659,1705,1707,,1717,,1724,1726,,1738,,1747,,1753,1801,1808,,1814,,1824,,1827,1833,,1840,1847,,1853,,1904,,1907,1913,,1922,,1927,1932,,1944,,1947,1953,,2001,2007,,2014,,2023,,2027,2035,,2040,,2048,2051,,2101,,2107,2113,,2123,,2127,2134,2137,,2147,,2152,,2203,,2207,2213,,2222,,2232,,2238,2243,,2257,,2302,2305,,2326,2322,,2342,,,,,,,
大崎,発,,,,,,,,,,,644,,655,,,707,,710,,722,,,733,,737,,745,,752,,758,803,,807,809,816,,822,,824,827,832,,834,836,842,845,,849,851,855,859,,908,,908,,913,,925,,926,932,,939,945,,950,959,,1008,1007,,,1018,,1025,,1037,,1047,,1102,,1107,,1118,,1131,,1138,,,1153,1200,,,1214,1218,,,1237,,1244,,1302,,,1314,1318,,,1337,,1344,,1400,,,1415,1417,,,1437,,1444,,1500,,,1514,1518,,,1542,,1544,,1601,,,1615,1617,,,1639,,1645,,1703,1705,1708,,1721,,1725,1728,,1742,,1749,,1755,1802,1808,,1815,,1828,,1827,1834,,1841,1850,,1855,,1908,,1908,1914,,1923,,1928,1933,,1947,,1948,1954,,2003,2009,,2015,,2028,,2029,2036,,2042,,2049,2056,,2104,,2107,2114,,2127,,2127,2135,2143,,2147,,2153,,2204,,2208,2214,,2224,,2234,,2239,2244,,2258,,2303,2310,,2327,2325,,,,,,,,,
西大井,着,,,,,,,,,,,647,,,,,710,,713,,725,,,,,740,,,,755,,801,,,810,812,,,825,,827,830,,,837,839,845,,,852,854,858,902,,,,911,,,,928,,929,,,942,,,953,1002,,1011,1010,,,,,1028,,,,1050,,,,1110,,,,1134,,,,,1156,,,,1217,,,,,,1247,,,,,1317,,,,,,1347,,,,,1418,,,,,,1447,,,,,1517,,,,,,1547,,,,,1618,,,,,,1648,,,1708,1711,,,,1728,1731,,,,1752,,,1805,1811,,,,1831,,1830,,,1844,1853,,,,1911,,1911,,,1926,,1931,,,1950,,1951,,,2006,2012,,,,2031,,2032,,,2045,,2052,,,2107,,2110,,,2130,,2130,,2146,,2150,,,,2207,,2211,,,2227,,,,2242,2247,,2301,,2306,2313,,2330,2328,,,,,,,,,
西大井,発,,,,,,,,,,,648,,,,,710,,715,,725,,,,,741,,,,757,,801,,,812,812,,,825,,830,830,,,838,839,845,,,854,854,858,902,,,,912,,,,928,,930,,,942,,,954,1002,,1012,1010,,,,,1028,,,,1050,,,,1110,,,,1134,,,,,1156,,,,1218,,,,,,1248,,,,,1318,,,,,,1348,,,,,1418,,,,,,1448,,,,,1518,,,,,,1548,,,,,1619,,,,,,1650,,,1709,1711,,,,1729,1731,,,,1754,,,1805,1812,,,,1831,,1831,,,1844,1854,,,,1911,,1912,,,1926,,1932,,,1950,,1953,,,2006,2014,,,,2031,,2034,,,2045,,2053,,,2107,,2112,,,2130,,2131,,2146,,2151,,,,2207,,2212,,,2227,,,,2243,2247,,2301,,2307,2313,,2330,2328,,,,,,,,,
武蔵小杉,着,,,,,,,,,,,653,,,,,715,,720,,730,,,,,746,,,,802,,806,,,817,817,,,830,,835,835,,,843,844,850,,,859,859,903,907,,,,917,,,,933,,935,,,947,,,959,1007,,1017,1015,,,,,1033,,,,1055,,,,1115,,,,1139,,,,,1201,,,,1223,,,,,,1253,,,,,1323,,,,,,1353,,,,,1423,,,,,,1453,,,,,1523,,,,,,1553,,,,,1624,,,,,,1655,,,1714,1716,,,,1734,1736,,,,1759,,,1810,1817,,,,1836,,1836,,,1849,1859,,,,1916,,1917,,,1931,,1937,,,1955,,1958,,,2011,2019,,,,2036,,2039,,,2050,,2058,,,2112,,2117,,,2135,,2136,,2151,,2156,,,,2212,,2217,,,2232,,,,2248,2252,,2306,,2312,2318,,2335,2333,,,,,,,,,
武蔵小杉,発,,,,,,,,,,,654,,,,,715,,720,,730,,,,,746,,,,802,,806,,,818,817,,,830,,835,835,,,844,844,850,,,900,859,903,907,,,,917,,,,933,,936,,,947,,,959,1007,,1017,1015,,,,,1034,,,,1056,,,,1116,,,,1140,,,,,1202,,,,1223,,,,,,1253,,,,,1323,,,,,,1353,,,,,1424,,,,,,1453,,,,,1523,,,,,,1553,,,,,1625,,,,,,1655,,,1715,1716,,,,1734,1736,,,,1800,,,1810,1817,,,,1836,,1837,,,1849,1900,,,,1916,,1918,,,1931,,1938,,,1955,,1959,,,2011,2019,,,,2036,,2039,,,2050,,2059,,,2112,,2118,,,2135,,2137,,2151,,2157,,,,2212,,2218,,,2232,,,,2248,2252,,2306,,2313,2318,,2336,2333,,,,,,,,,
羽沢横浜国大,着,,,,,,,,,,,708,,,,,729,,737,,744,,,,,804,,,,820,,820,,,833,831,,,844,,850,849,,,901,858,904,,,917,913,917,921,,,,936,,,,947,,953,,,1001,,,1018,1021,,1034,1029,,,,,1051,,,,1111,,,,1134,,,,1201,,,,,1216,,,,1240,,,,,,1310,,,,,1340,,,,,,1410,,,,,1440,,,,,,1510,,,,,1540,,,,,,1610,,,,,1643,,,,,,1710,,,1733,1730,,,,1754,1750,,,,1817,,,1824,1833,,,,1850,,1855,,,1903,1915,,,,1930,,1937,,,1945,,1956,,,2009,,2015,,,2025,2034,,,,2050,,2057,,,2104,,2117,,,2126,,2134,,,2149,,2156,,2205,,2214,,,,2226,,2235,,,2246,,,,2303,2306,,2320,,2331,2332,,2352,2347,,,,,,,,,